Activity Type,Date,Title,Distance,Calories,Time,Avg HR,Max HR,Avg Pace,Best Pace,Total Ascent,Total Descent,Avg Stride Length,Min Temp,Max Temp,Moving Time,Elapsed Time,Min Elevation,Max Elevation
Running,2021-10-24 10:33:31,Memphis Running,3.14,407,00:36:09,137,156,11:31,8:15,8,13,0.96,0.0,0.0,00:35:56,00:37:17,213,239
Cycling,2021-10-23 10:36:01,Shelby County Cycling,43.40,"1,781",02:51:45,143,175,15.2,36.2,"1,601","1,594",0.0,62.6,0.0,02:51:04,03:02:32,247,468
Cycling,2021-10-21 16:07:33,Memphis Cycling,30.48,"1,470",02:01:19,154,175,15.1,32.5,541,597,0.0,66.2,0.0,02:00:26,02:03:11,229,473
Running,2021-10-20 17:10:58,Memphis Running,3.10,425,00:34:17,148,165,11:03,7:42,11,17,0.98,0.0,0.0,00:34:09,00:34:17,218,238
Cycling,2021-10-17 12:10:23,Germantown Cycling,30.19,"1,249",01:53:18,147,161,16.0,29.8,748,758,0.0,62.6,0.0,01:52:31,01:59:05,314,500
Running,2021-10-16 09:53:19,Memphis Running,3.16,429,00:37:13,141,155,11:46,6:11,19,23,0.92,0.0,0.0,00:36:02,00:37:13,220,240
Cycling,2021-10-09 07:36:41,Shelby County Cycling,101.60,"4,815",06:38:43,150,180,15.3,36.5,"3,517","3,517",0.0,57.2,0.0,06:36:55,07:49:14,220,474
Cycling,2021-10-06 16:18:45,Memphis Cycling,22.46,"1,078",01:30:14,146,181,14.9,30.6,397,433,0.0,69.8,0.0,01:28:40,01:33:44,227,335
Cycling,2021-10-03 10:31:04,Shelby County Cycling,57.32,"2,681",03:50:08,147,177,14.9,38.2,"1,896","1,873",0.0,68.0,0.0,03:46:52,04:09:07,242,486
Cycling,2021-09-29 16:51:42,Memphis Cycling,31.08,"1,352",02:03:37,146,164,15.1,33.6,499,574,0.0,68.0,0.0,02:02:22,02:08:57,179,284
Cycling,2021-09-28 17:01:48,Shelby County Cycling(Intervals 6x8),22.64,"1,086",01:28:30,150,172,15.3,36.7,745,755,0.0,68.0,0.0,01:28:17,01:30:04,239,423
Cycling,2021-09-26 10:06:24,Memphis Cycling,18.27,631,01:22:57,123,141,13.2,29.4,377,387,0.0,62.6,0.0,01:21:27,01:27:49,249,533
Cycling,2021-09-25 10:40:18,Memphis Cycling,60.56,"2,867",04:04:33,144,179,14.9,37.1,"1,677","1,650",0.0,64.4,0.0,04:00:57,05:01:03,231,430
Cycling,2021-09-23 16:48:35,Memphis Cycling,30.51,"1,417",02:05:43,146,177,14.6,31.1,538,554,0.0,60.8,0.0,02:04:47,02:13:04,182,282
Cycling,2021-09-19 09:41:20,Memphis Cycling,56.33,"2,609",03:43:07,147,173,15.1,32.2,"1,421","1,434",0.0,62.6,0.0,03:41:59,04:36:52,250,654
Cycling,2021-09-13 16:56:17,Memphis Cycling,31.95,"1,393",02:13:32,143,165,14.4,31.1,531,591,0.0,69.8,0.0,00:00:00,02:18:00,210,334
Cycling,2021-09-11 09:27:31,Memphis Cycling,53.79,"2,440",03:32:58,140,170,15.2,32.3,"1,434","1,467",0.0,62.6,0.0,00:00:00,04:14:56,185,407
Cycling,2021-09-09 16:35:23,Memphis Cycling,20.30,"1,019",01:25:45,140,159,14.2,30.9,410,433,0.0,69.8,0.0,00:00:00,01:51:17,198,356
Cycling,2021-09-08 16:49:59,Shelby County Cycling,30.12,"1,561",01:54:53,152,172,15.7,31.2,889,932,0.0,66.2,0.0,00:00:00,02:04:57,221,392
Cycling,2021-09-06 08:25:10,Memphis Cycling,29.52,"1,146",01:58:49,136,171,14.9,29.9,535,551,0.0,62.6,0.0,00:00:00,02:04:32,274,547
Cycling,2021-09-04 08:59:31,Germantown Cycling,52.70,"2,514",03:29:24,150,168,15.1,33.1,"1,719","1,742",0.0,66.2,0.0,00:00:00,03:50:58,269,448
Running,2021-09-01 18:37:59,Memphis Running,3.17,440,00:34:52,152,165,11:01,8:02,12,14,0.98,0.0,0.0,00:00:00,00:34:52,220,243
Cycling,2021-08-31 16:34:21,Shelby County Cycling,29.85,"1,600",01:57:17,152,178,15.3,29.7,856,886,0.0,71.6,0.0,00:00:00,02:08:52,242,411
Cycling,2021-08-28 09:06:00,Memphis Cycling,49.74,"2,525",03:23:32,149,172,14.7,31.5,"1,171","1,194",0.0,64.4,0.0,00:00:00,04:09:20,152,352
Cycling,2021-08-27 08:32:12,Memphis Cycling,18.92,942,01:23:00,147,181,13.7,30.1,390,453,0.0,66.2,0.0,00:00:00,01:31:40,211,302
Running,2021-08-22 09:33:58,Shelby County Running,3.06,658,01:03:58,137,174,20:55,4:00,408,367,0.62,0.0,0.0,00:00:00,01:03:58,249,407
Cycling,2021-08-21 09:03:40,Memphis Cycling,45.55,"2,235",03:06:42,148,173,14.6,31.9,"1,145","1,184",0.0,64.4,0.0,00:00:00,03:39:37,205,401
Running,2021-08-18 17:56:24,Memphis Running,3.01,463,00:34:57,152,176,11:37,7:48,6,11,0.96,0.0,0.0,00:00:00,00:34:57,220,237
Cycling,2021-08-17 17:52:07,Memphis Cycling,28.47,"1,414",01:56:02,155,173,14.7,30.8,489,505,0.0,71.6,0.0,00:00:00,02:09:09,333,562
Cycling,2021-08-14 07:33:49,Rossville Cycling,61.54,"3,086",04:01:24,155,179,15.3,34.7,"2,474","2,451",0.0,66.2,0.0,00:00:00,04:32:36,302,518
Running,2021-08-12 17:43:44,Memphis Running,3.10,557,00:45:51,147,171,14:47,3:24,23,16,0.87,0.0,0.0,00:00:00,00:45:51,220,244
Cycling,2021-08-08 09:43:44,Germantown Cycling,30.60,"1,789",02:03:19,--,--,14.9,33.9,873,846,0.0,75.2,0.0,02:02:15,02:22:57,208,448
Cycling,2021-08-07 08:47:40,Memphis Cycling,42.07,"2,134",02:44:08,156,178,15.4,33.5,"1,053","1,102",0.0,62.6,0.0,02:43:15,03:12:15,242,615
Cycling,2021-08-04 17:35:48,Memphis Cycling,36.53,"1,738",02:31:22,153,180,14.5,31.6,942,968,0.0,69.8,0.0,02:30:33,02:43:06,186,393
Cycling,2021-08-02 17:49:22,Memphis Cycling,32.01,"1,369",02:09:13,151,173,14.9,31.3,755,764,0.0,71.6,0.0,02:08:14,02:14:43,222,387
Cycling,2021-07-22 08:05:09,Shelby County Cycling,20.63,971,01:24:01,145,165,14.7,31.9,610,630,0.0,69.8,0.0,01:23:46,01:27:10,276,470
Cycling,2021-07-21 09:57:15,Memphis Cycling,32.47,"1,527",02:15:35,153,177,14.4,30.0,768,814,0.0,66.2,0.0,02:15:04,02:19:13,239,514
Cycling,2021-07-17 07:58:44,Memphis Cycling,32.28,"1,599",02:14:16,148,178,14.4,30.3,774,810,0.0,64.4,0.0,02:12:29,03:13:14,218,615
Cycling,2021-07-13 18:05:52,Memphis Cycling,27.21,"1,339",01:54:53,152,185,14.2,29.9,541,574,0.0,71.6,0.0,01:53:08,01:57:08,236,312
Running,2021-07-07 06:58:12,Running,3.24,430,00:48:27,--,--,14:58,7:39,466,443,0.85,0.0,0.0,00:46:31,00:48:27,46,304
Running,2021-07-04 06:50:12,Running,3.25,414,00:52:06,--,--,16:02,7:52,490,508,0.82,0.0,0.0,00:48:22,00:52:06,40,308
Cycling,2021-06-26 07:35:56,Memphis Cycling,42.06,"1,791",02:46:02,141,166,15.2,32.0,"1,053","1,125",0.0,64.4,0.0,02:45:31,03:21:27,240,440
Cycling,2021-06-24 18:10:34,Memphis Cycling,3.97,197,00:15:21,147,169,15.5,21.7,66,33,0.0,71.6,0.0,00:15:08,00:15:21,247,302
Cycling,2021-06-22 17:50:00,Germantown Cycling,25.24,"1,101",01:35:22,151,175,15.9,30.6,673,735,0.0,68.0,0.0,01:33:33,01:38:55,306,437
Cycling,2021-06-15 17:52:08,Memphis Cycling,32.08,"1,319",02:07:33,147,171,15.1,31.4,791,794,0.0,71.6,0.0,02:07:01,02:12:46,245,456
Cycling,2021-06-13 10:08:17,Shelby County Cycling,19.28,951,01:21:27,147,176,14.2,33.2,719,741,0.0,78.8,0.0,01:20:41,01:24:40,276,443
Cycling,2021-06-12 09:23:43,Memphis Cycling,38.21,"2,027",02:37:06,152,173,14.6,29.2,794,830,0.0,66.2,0.0,02:34:39,03:18:00,237,418
Running,2021-05-30 16:46:36,Memphis Running,4.03,556,00:52:28,--,--,13:01,4:43,23,30,0.88,0.0,0.0,00:49:31,00:52:28,238,266
Cycling,2021-05-29 09:14:22,Germantown Cycling,57.40,"2,142",03:41:37,139,158,15.5,35.9,"1,985","2,054",0.0,50.0,0.0,03:38:13,04:09:21,269,726
Cycling,2021-05-27 17:03:25,Germantown Cycling,16.01,745,01:04:42,138,154,14.8,30.5,318,328,0.0,64.4,0.0,01:03:00,01:26:42,295,428
Cycling,2021-05-25 18:03:52,Germantown Cycling,31.33,"1,406",01:53:38,146,184,16.5,30.4,646,666,0.0,73.4,0.0,01:51:01,02:04:08,331,439
Cycling,2021-05-22 09:00:39,Germantown Cycling,52.65,"2,391",03:32:17,146,166,14.9,34.0,"1,768","1,824",0.0,64.4,0.0,03:28:03,03:48:39,274,469
Cycling,2021-05-20 16:26:43,Germantown Cycling,28.44,"1,410",01:51:20,151,168,15.3,35.1,778,781,0.0,64.4,0.0,01:49:37,01:56:26,261,365
Cycling,2021-05-15 07:40:26,Germantown Cycling,69.69,"3,014",04:12:41,148,175,16.5,35.2,"2,572","2,552",0.0,51.8,0.0,04:05:36,05:26:17,262,510
Cycling,2021-05-13 18:00:47,Collierville Cycling,26.22,"1,166",01:30:50,156,187,17.3,24.6,502,531,0.0,57.2,0.0,01:30:07,01:41:29,328,430
Cycling,2021-05-12 16:10:14,Germantown Cycling,28.43,"1,320",01:48:22,148,168,15.7,33.1,768,804,0.0,60.8,0.0,01:47:22,01:54:13,171,314
Cycling,2021-05-08 10:15:27,Germantown Cycling,42.29,"1,916",02:49:03,142,159,15.0,35.2,"1,496","1,473",0.0,57.2,0.0,02:47:27,03:12:12,277,558
Cycling,2021-05-06 18:03:15,Collierville Cycling,26.71,"1,430",01:38:52,155,187,16.2,28.7,564,587,0.0,53.6,0.0,01:33:45,01:46:27,309,419
Cycling,2021-05-03 16:55:48,Germantown Cycling,27.10,"1,293",01:43:45,145,174,15.7,31.7,633,669,0.0,66.2,0.0,01:42:18,02:03:01,119,289
Running,2021-05-02 09:50:41,Memphis Running,4.04,588,00:53:25,136,158,13:13,6:04,21,28,0.86,0.0,0.0,00:49:49,00:53:25,240,266
Cycling,2021-05-01 08:57:03,Germantown Cycling,22.87,"1,186",01:29:36,140,158,15.3,31.2,331,374,0.0,60.8,0.0,01:27:11,02:09:03,215,393
Cycling,2021-04-29 17:11:45,Germantown Cycling,20.48,886,01:16:45,137,160,16.0,29.2,440,492,0.0,64.4,0.0,01:15:33,01:24:43,193,312
Cycling,2021-04-27 11:01:57,Germantown Cycling,25.28,"1,295",01:39:12,147,182,15.3,32.0,650,656,0.0,62.6,0.0,01:38:05,01:41:42,266,395
Cycling,2021-04-25 09:41:54,Germantown Cycling,45.11,"2,161",02:58:46,138,161,15.1,34.9,"1,614","1,677",0.0,55.4,0.0,02:58:11,03:28:05,274,468
Cycling,2021-04-24 11:40:03,Germantown Cycling,31.78,"1,510",01:58:25,144,163,16.1,31.7,814,833,0.0,55.4,0.0,01:57:28,02:03:04,277,445
Cycling,2021-04-21 17:01:46,Germantown Cycling,23.83,"1,049",01:30:44,136,155,15.8,31.4,594,627,0.0,48.2,0.0,01:29:48,01:37:43,257,360
Cycling,2021-04-20 16:45:52,Germantown Cycling,28.70,"1,542",01:46:31,151,176,16.2,31.1,755,810,0.0,57.2,0.0,01:45:11,01:52:41,253,386
Cycling,2021-04-18 09:48:17,Germantown Cycling,22.05,907,01:31:00,127,144,14.5,29.7,630,614,0.0,51.8,0.0,01:29:53,01:36:14,260,450
Running,2021-04-17 12:21:29,Memphis Running,4.00,660,00:56:30,139,156,14:07,6:49,19,24,0.8,0.0,0.0,00:51:27,00:56:30,240,266
Cycling,2021-04-15 16:55:47,Germantown Cycling,14.04,675,00:55:51,136,161,15.1,30.6,387,413,0.0,59.0,0.0,00:54:54,01:02:27,240,344
Cycling,2021-04-13 16:34:39,Germantown Cycling,27.17,"1,322",01:43:29,140,170,15.8,34.9,719,748,0.0,64.4,0.0,01:41:56,01:52:21,180,289
Cycling,2021-04-12 16:51:32,Germantown Cycling,27.08,"1,314",01:41:19,146,162,16.0,32.1,663,673,0.0,64.4,0.0,01:40:22,01:46:48,269,402
Cycling,2021-04-10 09:34:15,Germantown Cycling,56.79,"2,733",03:42:16,144,166,15.3,33.4,"2,001","2,057",0.0,57.2,0.0,03:40:48,04:15:20,255,457
Cycling,2021-04-08 16:38:18,Germantown Cycling,15.88,784,01:05:05,137,160,14.6,29.4,433,456,0.0,64.4,0.0,01:03:39,01:11:41,157,258
Cycling,2021-04-07 11:53:14,Germantown Cycling,23.34,"1,170",01:28:12,145,160,15.9,34.2,640,627,0.0,64.4,0.0,01:27:44,01:30:20,264,379
Cycling,2021-04-06 16:54:33,Germantown Cycling,28.46,"1,428",01:49:14,150,167,15.6,34.9,732,794,0.0,66.2,0.0,01:47:53,01:56:29,224,327
Cycling,2021-04-03 08:45:46,Germantown Cycling,50.79,"2,576",03:19:04,146,164,15.3,33.5,"1,818","1,814",0.0,46.4,0.0,03:16:47,03:46:33,250,817
Cycling,2021-04-01 16:32:01,Germantown Cycling,25.09,"1,165",01:37:30,141,162,15.4,29.6,650,666,0.0,42.8,0.0,01:36:29,01:57:30,215,361
Cycling,2021-03-31 17:07:58,Germantown Cycling,26.52,"1,310",01:39:56,146,169,15.9,30.2,627,663,0.0,48.2,0.0,01:39:13,01:45:58,287,427
Cycling,2021-03-29 16:52:14,Germantown Cycling,23.28,"1,093",01:29:20,142,165,15.6,29.6,525,518,0.0,62.6,0.0,01:28:23,01:33:26,236,337
Cycling,2021-03-28 10:34:08,Germantown Cycling,39.03,"1,954",02:28:09,149,165,15.8,31.1,"1,234","1,293",0.0,55.4,0.0,02:26:51,02:35:05,272,470
Cycling,2021-03-22 16:30:21,Germantown Cycling,28.05,"1,473",01:46:49,149,170,15.8,35.0,712,735,0.0,62.6,0.0,01:45:45,01:54:33,227,343
Cycling,2021-03-20 09:40:52,Germantown Cycling,43.43,"2,512",02:55:20,148,166,14.9,31.2,"1,276","1,273",0.0,44.6,0.0,02:54:16,03:22:28,240,448
Cycling,2021-03-11 16:32:56,Germantown Cycling,22.02,997,01:25:52,135,151,15.4,30.8,482,512,0.0,66.2,0.0,01:25:12,01:33:53,314,426
Cycling,2021-03-10 16:12:30,Germantown Cycling,28.14,"1,380",01:46:29,144,162,15.9,36.8,705,728,0.0,64.4,0.0,01:45:21,01:55:00,238,337
Cycling,2021-03-09 16:44:18,Germantown Cycling,23.25,"1,274",01:26:43,153,174,16.1,33.2,518,535,0.0,59.0,0.0,01:25:52,01:33:06,268,374
Cycling,2021-03-06 09:47:50,Germantown Cycling,51.19,"2,471",03:21:38,141,157,15.2,35.8,"1,759","1,759",0.0,48.2,0.0,03:19:25,03:43:15,277,620
Cycling,2021-03-04 15:49:39,Germantown Cycling,28.05,"1,458",01:43:55,150,166,16.2,35.0,679,699,0.0,60.8,0.0,01:42:34,01:58:37,274,377
Cycling,2021-03-03 16:08:38,Germantown Cycling,26.60,"1,486",01:37:37,156,173,16.3,33.2,630,656,0.0,51.8,0.0,01:36:43,01:46:34,357,528
Cycling,2021-02-28 10:00:30,Trainer-Tabatas,0.07,595,00:46:21,138,165,0.1,1.4,--,--,0.0,69.8,0.0,00:00:00,00:47:03,321,358
Cycling,2021-02-27 10:00:58,Trainer-Intervals(3x20),0.14,"1,071",01:20:27,141,155,0.1,1.4,3,--,0.0,66.2,0.0,00:01:31,01:21:28,296,321
Cycling,2021-02-25 16:36:36,Germantown Cycling,22.04,"1,058",01:23:08,140,162,15.9,28.6,518,545,0.0,46.4,0.0,01:21:49,01:27:12,182,291
Cycling,2021-02-24 11:23:33,Germantown Cycling,26.83,"1,430",01:41:28,151,170,15.9,29.3,751,741,0.0,60.8,0.0,01:40:14,01:48:57,307,571
Cycling,2021-02-21 10:03:16,Trainer-Intervals(8x4-1min kicker-power),0.09,727,00:57:01,139,166,0.1,1.0,--,--,0.0,62.6,0.0,00:00:00,00:58:32,281,301
Cycling,2021-02-20 10:38:34,Trainer-Intervals(3x20),0.16,"1,000",01:21:16,136,153,0.1,1.2,--,--,0.0,64.4,0.0,00:01:51,01:23:00,300,328
Cycling,2021-02-17 16:53:53,Trainer-45minTT,0.06,835,01:01:20,142,154,0.1,--,--,--,0.0,66.2,0.0,00:00:00,01:01:20,260,282
Cycling,2021-02-16 17:31:35,Trainer-Intervals(5x8),0.10,842,00:58:52,147,160,0.1,1.3,--,--,0.0,64.4,0.0,00:00:00,01:00:26,251,277
Cycling,2021-02-14 10:12:06,Trainer-Intervals(3x8),0.08,536,00:40:25,136,148,0.1,1.1,--,--,0.0,60.8,0.0,00:00:00,00:41:26,260,285
Cycling,2021-02-13 10:29:03,Trainer-Intervals(3x20),0.13,"1,126",01:20:19,147,163,0.1,1.1,--,--,0.0,62.6,0.0,00:00:04,01:22:25,274,298
Cycling,2021-02-09 17:35:04,Trainer-Tabatas,0.05,611,00:44:07,145,176,0.1,--,--,--,0.0,68.0,0.0,00:00:00,00:44:07,268,287
Cycling,2021-02-07 10:58:25,Trainer-Intervals(5x8-power),0.08,822,01:02:16,142,159,0.1,1.2,--,--,0.0,64.4,0.0,00:00:00,01:04:50,291,317
Cycling,2021-02-06 08:52:44,Memphis Cycling,41.60,"2,181",02:42:06,142,161,15.4,30.3,"1,158","1,171",0.0,33.8,0.0,02:40:10,03:17:50,240,448
Cycling,2021-02-04 17:22:22,Trainer-Intervals(4x8-easy spin),0.08,606,00:47:01,136,151,0.1,1.6,--,--,0.0,66.2,0.0,00:00:26,00:47:01,227,270
Cycling,2021-01-31 09:58:29,Germantown Cycling,34.84,"1,478",02:13:26,137,156,15.7,29.1,925,"1,017",0.0,41.0,0.0,02:10:18,02:23:56,212,371
Cycling,2021-01-30 09:20:16,Germantown Cycling,30.74,"1,531",01:57:22,145,164,15.7,34.3,978,928,0.0,46.4,0.0,01:55:46,02:20:43,295,486
Cycling,2021-01-28 17:45:53,Trainer-40minTT(Zone3),0.06,772,00:55:35,142,151,0.1,1.3,--,--,0.0,62.6,0.0,00:00:00,00:57:29,312,442
Cycling,2021-01-27 17:49:20,Trainer-Intervals(8x4-1min kicker),0.06,713,00:54:42,138,155,0.1,1.1,--,--,0.0,75.2,0.0,00:00:00,00:54:42,290,419
Cycling,2021-01-26 17:48:48,Trainer-Intervals(5x8),0.05,855,00:59:28,147,158,0.1,1.1,--,--,0.0,66.2,0.0,00:00:00,00:59:28,251,268
Cycling,2021-01-23 09:55:51,Germantown Cycling,51.08,"2,586",03:18:58,145,163,15.4,35.8,"1,739","1,713",0.0,37.4,0.0,03:15:53,03:45:23,290,547
Cycling,2021-01-21 17:22:22,Trainer-35minTT(Zone2.5),0.04,662,00:48:03,144,154,0.0,1.1,--,--,0.0,64.4,0.0,00:00:00,00:48:03,277,291
Cycling,2021-01-20 17:18:26,Trainer-Tabatas,0.04,580,00:44:41,141,170,0.1,1.0,--,--,0.0,64.4,0.0,00:00:00,00:47:19,317,350
Cycling,2021-01-19 17:22:46,Trainer-Intervals(4x8),0.04,638,00:50:13,139,149,0.1,1.2,--,--,0.0,62.6,0.0,00:00:00,00:50:13,296,544
Cycling,2021-01-17 10:19:56,Germantown Cycling,42.21,"1,984",02:38:12,144,163,16.0,31.5,"1,273","1,273",0.0,42.8,0.0,02:37:02,03:07:10,247,500
Cycling,2021-01-16 10:21:42,Trainer-Intervals(3x20),0.08,826,01:08:51,141,154,0.1,1.3,--,--,0.0,66.2,0.0,00:00:00,01:14:19,302,330
Cycling,2021-01-14 11:53:38,Germantown Cycling,22.44,"1,017",01:26:11,146,181,15.6,36.4,499,525,0.0,50.0,0.0,01:24:43,01:34:10,346,459
Cycling,2021-01-13 17:10:00,Trainer-Intervals(8x3-Power),0.06,571,00:49:14,137,154,0.1,1.4,--,--,0.0,66.2,0.0,00:00:00,00:49:14,286,301
Cycling,2021-01-12 17:17:07,Trainer-45minTT,0.07,735,00:58:11,145,157,0.1,1.3,--,--,0.0,64.4,0.0,00:00:00,00:58:11,274,280
Cycling,2021-01-10 10:35:36,Trainer-Intervals(8x4-hills),0.08,672,01:01:16,138,160,0.1,1.1,--,--,0.0,64.4,0.0,00:00:13,01:01:16,331,369
Cycling,2021-01-09 10:03:00,Trainer-Intervals(3x20),0.12,975,01:21:07,144,162,0.1,1.3,--,--,0.0,62.6,0.0,00:00:00,01:22:03,306,644
Cycling,2021-01-07 17:33:11,Trainer-Intervals(4.5x8),0.09,684,00:55:19,143,154,0.1,1.0,--,--,0.0,64.4,0.0,00:00:00,00:55:19,293,306
Cycling,2021-01-06 17:29:19,Trainer-Intervals(5x8),0.03,756,00:59:26,146,167,0.0,1.0,--,--,0.0,68.0,0.0,00:00:00,00:59:27,241,266
Cycling,2021-01-03 10:41:04,Memphis Cycling,38.09,"2,242",02:29:15,--,--,15.3,26.7,942,915,0.0,37.4,0.0,02:26:41,03:04:55,241,478
Cycling,2021-01-02 10:50:02,Trainer-Intervals(3x20),0.12,--,01:18:16,--,--,0.1,1.1,--,--,0.0,62.6,0.0,00:00:00,01:19:53,323,381
Cycling,2020-12-31 17:06:08,Trainer-Tabatas,0.03,--,00:41:33,--,--,0.0,--,--,--,0.0,62.6,0.0,00:00:00,00:48:00,255,270
Cycling,2020-12-30 17:33:07,Trainer-Intervals(8x4-1 min kicker),0.04,--,00:53:28,--,--,0.0,--,--,--,0.0,64.4,0.0,00:00:00,00:53:28,308,325
Cycling,2020-12-29 17:17:44,Trainer-Intervals(5x8),0.02,--,00:57:42,--,--,0.0,1.1,--,--,0.0,64.4,0.0,00:00:00,00:57:42,285,300
Cycling,2020-12-27 10:14:27,Germantown Cycling,36.78,"2,251",02:19:12,--,--,15.9,31.9,"1,102","1,040",0.0,48.2,0.0,02:18:19,02:23:00,240,447
Cycling,2020-12-26 11:26:10,Trainer-Intervals(3x20),0.05,--,01:17:32,--,--,0.0,1.0,--,--,0.0,62.6,0.0,00:00:00,01:17:32,344,387
Cycling,2020-12-22 11:57:46,Germantown Cycling,25.53,"1,568",01:33:06,--,--,16.5,25.9,505,522,0.0,55.4,0.0,01:32:00,01:39:31,241,401
Cycling,2020-12-21 11:48:00,Germantown Cycling,26.89,"1,699",01:38:23,--,--,16.4,29.0,741,771,0.0,55.4,0.0,01:38:03,01:39:43,314,478
Cycling,2020-12-19 09:30:04,Trainer-Intervals(5x8),0.04,--,01:00:24,--,--,0.0,1.1,--,--,0.0,73.4,0.0,00:00:00,01:00:24,297,311
Cycling,2020-12-17 17:03:50,Trainer-Intervals(5x8),0.03,--,00:58:46,--,--,0.0,1.0,--,--,0.0,69.8,0.0,00:00:00,00:58:47,267,343
Cycling,2020-12-15 17:29:38,Trainer-Intervals(8x4),0.03,--,00:53:43,--,--,0.0,--,--,--,0.0,62.6,0.0,00:00:00,00:53:43,327,364
Cycling,2020-12-12 10:09:15,Germantown Cycling,29.06,"1,812",01:47:53,--,--,16.2,29.5,745,768,0.0,51.8,0.0,01:46:50,02:00:58,308,587
Cycling,2020-12-10 11:42:26,Germantown Cycling,26.87,"1,667",01:40:42,--,--,16.0,27.3,758,745,0.0,60.8,0.0,01:39:20,01:44:53,247,412
Cycling,2020-12-08 17:31:32,Trainer-Intervals(8x4),0.02,--,00:54:24,--,--,0.0,1.4,--,--,0.0,66.2,0.0,00:00:00,00:54:24,303,306
Cycling,2020-12-06 10:11:47,Germantown Cycling,28.28,"1,746",01:46:51,--,--,15.9,30.4,797,797,0.0,46.4,0.0,01:45:55,01:53:03,180,357
Cycling,2020-12-05 10:36:51,Memphis Cycling,34.40,"2,063",02:20:24,--,--,14.7,30.8,"1,033",958,0.0,46.4,0.0,02:13:14,03:08:57,257,622
Cycling,2020-12-03 17:27:44,Trainer-Intervals(4x8),0.04,--,00:50:34,--,--,0.0,1.3,--,--,0.0,68.0,0.0,00:00:00,00:50:34,269,295
Cycling,2020-12-01 17:26:38,Trainer-Tabatas,0.02,637,00:41:09,152,179,0.0,--,--,--,0.0,66.2,0.0,00:00:00,00:41:09,247,268
Cycling,2020-11-29 17:07:33,Trainer-Intervals(8x4),0.03,787,00:54:33,148,171,0.0,1.0,--,--,0.0,64.4,0.0,00:00:00,00:54:33,290,302
Cycling,2020-11-28 09:18:24,Germantown Cycling,35.09,"1,818",02:12:54,140,160,15.8,32.4,948,951,0.0,44.6,0.0,02:11:37,02:43:26,253,479
Cycling,2020-11-26 09:42:13,Thanksgiving Ride,29.07,"1,438",01:47:06,146,163,16.3,31.3,787,751,0.0,44.6,0.0,01:46:31,01:48:12,282,447
Cycling,2020-11-24 11:32:23,Germantown Cycling,26.86,"1,364",01:40:24,146,164,16.1,30.1,794,755,0.0,55.4,0.0,01:40:02,01:43:55,423,601
Cycling,2020-11-21 08:56:19,Germantown Cycling,48.81,"2,454",02:52:35,148,178,17.0,29.4,"1,063","1,099",0.0,57.2,0.0,02:48:30,03:25:45,308,913
Cycling,2020-11-18 17:12:43,Trainer-Intervals(4x8),0.04,747,00:51:04,148,161,0.0,1.2,--,--,0.0,66.2,0.0,00:00:24,00:51:04,266,283
Cycling,2020-11-17 17:16:20,Trainer-Intervals(8x4),0.04,699,00:49:28,145,184,0.0,--,--,--,0.0,62.6,0.0,00:00:00,00:50:09,708,719
Cycling,2020-11-15 09:44:23,Germantown Cycling,28.28,"1,094",01:46:54,132,149,15.9,30.5,781,823,0.0,53.6,0.0,01:46:32,01:53:49,610,766
Cycling,2020-11-14 09:36:13,Germantown Cycling,46.24,"2,283",02:53:45,145,163,16.0,34.1,"1,424","1,385",0.0,53.6,0.0,02:51:36,03:14:01,285,520
Cycling,2020-11-12 17:04:22,Trainer-Intervals(8x4),0.04,718,00:55:05,143,157,0.0,1.0,--,--,0.0,64.4,0.0,00:00:00,00:55:05,247,262
Cycling,2020-11-10 17:09:05,Trainer-Intervals(7x4),0.05,666,00:48:48,148,180,0.1,1.0,--,--,0.0,64.4,0.0,00:00:00,00:48:48,319,343
Cycling,2020-11-08 09:34:24,Germantown Cycling,7.80,366,00:30:35,132,142,15.3,28.4,102,118,0.0,66.2,0.0,00:30:10,00:31:12,320,587
Cycling,2020-11-07 08:53:39,Germantown Cycling,47.04,"2,227",02:59:32,145,177,15.7,28.8,"1,033","1,020",0.0,57.2,0.0,02:49:09,03:56:03,295,465
Cycling,2020-11-05 17:28:51,Trainer-Intervals(7x4),0.03,690,00:49:07,156,182,0.0,--,--,--,0.0,66.2,0.0,00:00:00,00:49:07,271,283
Cycling,2020-11-03 17:06:26,Trainer-Intervals(7x4),0.03,654,00:47:39,153,169,0.0,1.0,--,--,0.0,66.2,0.0,00:00:00,00:47:39,236,254
Cycling,2020-11-01 09:57:56,Germantown Cycling,28.28,"1,180",01:47:56,139,157,15.7,31.0,741,764,0.0,55.4,0.0,01:43:59,01:52:24,302,504
Cycling,2020-10-31 09:41:21,Germantown Cycling,34.97,"1,633",02:17:29,142,159,15.3,30.7,843,886,0.0,46.4,0.0,02:14:32,02:30:33,278,573
Cycling,2020-10-29 17:01:19,Trainer-Intervals(7x4),0.05,633,00:48:43,143,162,0.1,1.1,--,--,0.0,62.6,0.0,00:00:00,00:48:43,333,403
Cycling,2020-10-27 16:30:32,Germantown Cycling,23.04,"1,148",01:25:16,144,163,16.2,31.1,515,541,0.0,59.0,0.0,01:23:30,01:28:56,532,640
Hiking,2020-10-21 09:15:00,Silers Bald to New Found Gap (AT),11.50,--,07:00:00,--,--,36:31,--,"2,000",--,0.0,0.0,0.0,00:00:00,07:00:00,--,--
Hiking,2020-10-20 08:15:00,Russell Field to Silers Bald (AT),14.10,--,12:15:00,--,--,52:08,--,"5,500",--,0.0,0.0,0.0,00:00:00,12:15:00,--,--
Hiking,2020-10-19 09:30:00,Fontana Dam to Russell Field (AT),13.10,--,09:00:00,--,--,41:13,--,"5,000",--,0.0,0.0,0.0,00:00:00,09:00:00,--,--
Cycling,2020-10-08 16:49:07,Germantown Cycling,27.81,"1,309",01:39:31,145,164,16.8,34.0,696,715,0.0,62.6,0.0,01:38:53,01:44:25,236,337
Cycling,2020-10-06 17:04:36,Germantown Cycling,27.76,"1,326",01:40:26,147,165,16.6,34.2,709,735,0.0,57.2,0.0,01:39:08,01:45:22,253,361
Cycling,2020-10-04 10:09:57,Germantown Cycling,28.29,"1,049",01:48:15,128,144,15.7,29.2,751,817,0.0,60.8,0.0,01:47:26,01:52:22,293,467
Cycling,2020-10-03 09:25:04,Germantown Cycling,46.14,"2,131",02:58:22,140,159,15.5,35.2,"1,440","1,440",0.0,53.6,0.0,02:56:33,03:26:41,290,749
Cycling,2020-10-01 16:46:49,Germantown Cycling,30.31,"1,470",01:49:47,152,174,16.6,35.3,728,778,0.0,57.2,0.0,01:48:48,01:56:05,312,560
Cycling,2020-09-29 17:12:28,Germantown Cycling,28.15,"1,426",01:42:32,150,168,16.5,35.0,686,715,0.0,55.4,0.0,01:41:24,01:49:58,321,438
Cycling,2020-09-27 09:24:02,Germantown Cycling,28.18,"1,184",01:45:01,135,154,16.1,27.7,725,755,0.0,66.2,0.0,01:44:42,01:47:29,208,354
Cycling,2020-09-26 09:18:33,Germantown Cycling,42.52,"1,984",02:39:52,143,161,16.0,30.2,"1,191","1,191",0.0,66.2,0.0,02:38:06,02:58:35,265,453
Indoor Climbing,2020-09-24 18:00:00,Climbing Gym,0.00,--,01:30:00,--,--,--,--,--,--,0.0,0.0,0.0,00:00:00,01:30:00,--,--
Cycling,2020-09-22 17:13:55,Germantown Cycling,26.26,"1,308",01:38:19,145,168,16.0,29.9,610,627,0.0,62.6,0.0,01:37:02,01:43:32,301,434
Indoor Climbing,2020-09-21 18:00:00,Climbing Gym,0.00,--,01:30:00,--,--,--,--,--,--,0.0,0.0,0.0,00:00:00,01:30:00,--,--
Indoor Climbing,2020-09-20 10:45:00,Climbing Gym,0.00,--,01:00:00,--,--,--,--,--,--,0.0,0.0,0.0,00:00:00,01:00:00,--,--
Cycling,2020-09-19 09:25:32,Germantown Cycling,46.16,"2,468",02:57:06,147,168,15.6,33.4,"1,388","1,424",0.0,59.0,0.0,02:54:43,03:15:15,285,541
Indoor Climbing,2020-09-16 17:30:00,Climbing Gym,0.00,--,01:00:00,--,--,--,--,--,--,0.0,0.0,0.0,00:00:00,01:00:00,--,--
Cycling,2020-09-15 17:20:14,Germantown Cycling,26.78,"1,449",01:39:27,152,171,16.2,31.9,607,643,0.0,73.4,0.0,01:38:13,01:47:18,327,437
Indoor Climbing,2020-09-13 20:52:00,Climbing Gym,0.00,--,01:00:00,--,--,--,--,--,--,0.0,0.0,0.0,00:00:00,00:01:00,--,--
Cycling,2020-09-12 08:30:06,Germantown Cycling,41.77,"2,008",02:39:35,143,162,15.7,30.7,"1,083","1,178",0.0,73.4,0.0,02:36:05,03:04:27,295,584
Indoor Climbing,2020-09-11 17:00:00,Climbing Gym,0.00,--,01:30:00,--,--,--,--,--,--,0.0,0.0,0.0,00:00:00,00:01:30,--,--
Cycling,2020-09-08 17:54:04,Trainer-Tabatas,0.03,587,00:41:42,144,168,0.0,--,--,--,0.0,68.0,0.0,00:00:00,00:41:42,286,291
Indoor Climbing,2020-09-07 10:15:00,Climbing Gym,0.00,--,01:00:00,--,--,--,--,--,--,0.0,0.0,0.0,00:00:00,00:01:00,--,--
Cycling,2020-09-06 08:55:51,Germantown Cycling,24.74,878,01:38:13,122,142,15.1,31.0,719,735,0.0,69.8,0.0,01:37:41,01:42:04,323,556
Cycling,2020-09-05 09:03:09,Germantown Cycling,46.07,"2,216",02:57:26,142,165,15.6,34.8,"1,342","1,385",0.0,66.2,0.0,02:54:29,03:24:40,304,497
Cycling,2020-09-01 17:39:48,Germantown Cycling,19.15,"1,029",01:11:30,149,168,16.1,30.7,364,397,0.0,78.8,0.0,01:11:00,01:16:20,272,379
Cycling,2020-08-31 17:18:05,Germantown Cycling,23.18,"1,290",01:25:34,154,173,16.3,29.7,505,499,0.0,71.6,0.0,01:23:02,01:28:16,369,468
Cycling,2020-08-29 09:24:48,Germantown Cycling,40.06,"1,790",02:31:40,140,162,15.8,33.0,"1,033","1,096",0.0,71.6,0.0,02:29:50,02:58:02,264,436
Cycling,2020-08-26 17:29:08,Germantown Cycling,23.17,"1,251",01:24:57,152,173,16.4,29.9,453,492,0.0,77.0,0.0,01:24:10,01:28:36,281,461
Cycling,2020-08-24 17:48:05,Germantown Cycling,28.24,"1,443",01:41:57,151,170,16.6,30.1,620,646,0.0,77.0,0.0,01:41:31,01:44:49,278,496
Cycling,2020-08-22 08:46:09,Germantown Cycling,42.19,"1,934",02:38:45,142,160,15.9,32.1,"1,109","1,184",0.0,66.2,0.0,02:36:27,02:56:26,236,411
Cycling,2020-08-20 17:35:43,Germantown Cycling,27.81,"1,484",01:39:41,154,172,16.7,30.8,614,630,0.0,69.8,0.0,01:39:23,01:46:55,179,310
Cycling,2020-08-18 16:56:45,Trainer-Intervals(7x4),0.03,707,00:51:01,143,159,0.0,1.1,--,--,0.0,66.2,0.0,00:00:00,00:52:04,249,305
Cycling,2020-08-17 17:52:04,Germantown Cycling,25.80,"1,285",01:32:50,146,162,16.7,29.6,587,604,0.0,75.2,0.0,01:32:17,01:39:22,219,350
Cycling,2020-08-15 08:27:13,Germantown Cycling,42.04,"2,334",02:39:35,148,165,15.8,34.5,"1,135","1,138",0.0,69.8,0.0,02:36:13,03:01:29,276,516
Cycling,2020-08-13 16:59:01,Germantown Cycling,18.88,"1,048",01:11:21,151,169,15.9,31.5,374,400,0.0,75.2,0.0,01:09:03,01:13:36,254,360
Cycling,2020-08-12 16:33:12,Trainer-Tabatas,0.03,620,00:42:11,148,174,0.0,1.1,--,--,0.0,68.0,0.0,00:00:07,00:42:23,304,315
Cycling,2020-08-10 17:46:35,Trainer-Intervals(7x4),0.02,797,00:51:03,153,181,0.0,--,--,--,0.0,71.6,0.0,00:00:00,00:52:08,255,286
Cycling,2020-08-09 08:46:10,Germantown Cycling,34.14,"2,014",02:09:33,153,173,15.8,29.7,771,781,0.0,75.2,0.0,02:07:31,02:44:41,182,420
Pool Swimming,2020-08-07 17:00:00,Lap Swim,"1,000",--,00:29:00,--,--,2:54,--,--,--,0.0,0.0,0.0,00:00:00,00:29:00,--,--
Cycling,2020-08-01 11:13:06,Intervals-Trainer(8x4),0.05,783,00:54:08,147,168,0.1,--,--,--,0.0,64.4,0.0,00:00:00,00:56:59,299,319
Cycling,2020-07-30 18:01:52,Germantown Cycling,27.73,"1,469",01:43:59,152,174,16.0,30.5,597,656,0.0,78.8,0.0,01:42:29,01:51:15,335,473
Cycling,2020-07-28 18:08:08,Germantown Cycling,28.29,"1,521",01:41:03,153,170,16.8,29.8,617,650,0.0,75.2,0.0,01:39:55,01:48:22,336,466
Cycling,2020-07-25 08:28:39,Germantown Cycling,42.16,"2,185",02:42:15,146,162,15.6,36.0,"1,132","1,142",0.0,69.8,0.0,02:40:48,02:56:49,238,414
Cycling,2020-07-23 18:07:14,Germantown Cycling,23.16,"1,217",01:26:35,150,180,16.1,30.1,502,541,0.0,69.8,0.0,01:25:36,01:29:43,280,498
Cycling,2020-07-22 18:47:15,Intervals-Trainer(7x4),0.03,733,00:48:20,152,180,0.0,--,--,--,0.0,68.0,0.0,00:00:00,00:48:20,331,496
Pool Swimming,2020-07-21 17:15:00,Lap Swim,"1,200",--,00:35:00,--,--,2:55,--,--,--,0.0,0.0,0.0,00:00:00,00:35:00,--,--
Cycling,2020-07-19 08:29:22,Germantown Cycling,38.02,"2,125",02:27:12,147,164,15.5,29.6,951,974,0.0,71.6,0.0,02:25:23,02:48:24,304,488
Pool Swimming,2020-07-18 08:30:00,Lap Swim,"1,500",--,00:43:00,--,--,2:52,--,--,--,0.0,0.0,0.0,00:00:00,00:43:00,--,--
Pool Swimming,2020-07-16 17:30:00,Lap Swim,"1,400",--,00:41:00,--,--,2:56,--,--,--,0.0,0.0,0.0,00:00:00,00:41:00,--,--
Cycling,2020-07-14 18:20:10,Germantown Cycling,23.12,"1,352",01:27:31,156,177,15.8,29.6,482,512,0.0,77.0,0.0,01:26:43,01:32:41,296,400
Cycling,2020-07-13 18:18:16,Germantown Cycling,23.17,"1,377",01:25:28,159,177,16.3,31.2,466,502,0.0,78.8,0.0,01:23:50,01:30:00,282,454
Cycling,2020-07-02 18:00:47,Collierville Cycling,26.77,"1,463",01:37:03,155,180,16.6,26.1,538,522,0.0,73.4,0.0,01:30:21,01:43:09,296,398
Pool Swimming,2020-06-30 20:24:00,Lap Swim,"1,320",--,00:33:00,--,--,2:30,--,--,--,0.0,0.0,0.0,00:00:00,00:33:00,--,--
Cycling,2020-06-29 17:54:21,Germantown Cycling,27.74,"1,455",01:40:30,152,173,16.6,30.7,633,659,0.0,75.2,0.0,01:39:09,01:48:20,302,442
Pool Swimming,2020-06-28 11:30:00,Lap Swim,"1,220",--,00:32:00,--,--,2:37,--,--,--,0.0,0.0,0.0,00:00:00,00:32:00,--,--
Running,2020-06-27 10:38:02,Germantown Running,1.64,226,00:19:25,134,148,11:50,8:02,5,--,0.97,0.0,0.0,00:19:15,00:19:25,276,292
Cycling,2020-06-25 17:53:49,Germantown Cycling,25.60,"1,353",01:33:40,151,167,16.4,29.8,568,577,0.0,75.2,0.0,01:33:04,01:45:11,323,447
Cycling,2020-06-23 17:30:08,Germantown Cycling,33.93,"1,698",02:04:54,148,177,16.3,28.6,676,715,0.0,66.2,0.0,01:58:45,02:35:11,251,436
Pool Swimming,2020-06-22 17:00:00,Lap Swim,"1,200",--,00:30:00,--,--,2:30,--,--,--,0.0,0.0,0.0,00:00:00,00:30:00,--,--
Cycling,2020-06-20 09:18:04,Germantown Cycling,42.69,"2,188",02:47:43,146,166,15.3,30.5,"1,158","1,188",0.0,71.6,0.0,02:44:07,03:04:08,285,469
Pool Swimming,2020-06-19 16:30:00,Lap Swim,"1,000",--,00:25:00,--,--,2:30,--,--,--,0.0,0.0,0.0,00:00:00,00:25:00,--,--
Cycling,2020-06-17 18:13:05,Germantown Cycling,23.18,"1,217",01:23:04,151,175,16.7,31.6,476,502,0.0,68.0,0.0,01:22:18,01:32:53,251,402
Cycling,2020-06-15 18:22:36,Germantown Cycling,28.26,"1,476",01:38:05,155,178,17.3,29.8,597,623,0.0,68.0,0.0,01:37:24,01:41:39,301,526
Cycling,2020-06-12 16:52:40,Germantown Cycling,15.30,883,00:57:04,154,170,16.1,26.9,371,367,0.0,82.4,0.0,00:56:02,00:59:46,442,907
Cycling,2020-06-10 17:04:58,Germantown Cycling,27.70,"1,424",01:39:25,150,173,16.7,30.0,607,656,0.0,68.0,0.0,01:38:55,01:42:09,280,411
Running,2020-06-09 17:38:45,Germantown Running,3.49,556,00:39:25,158,181,11:18,7:21,41,42,0.98,0.0,0.0,00:36:50,00:39:25,269,315
Cycling,2020-06-06 09:27:26,Germantown Cycling,42.73,"2,065",02:40:00,146,165,16.0,30.5,"1,129","1,138",0.0,68.0,0.0,02:37:47,02:56:06,335,636
Cycling,2020-06-04 17:03:52,Germantown Cycling,22.03,"1,111",01:25:31,146,164,15.5,32.6,423,423,0.0,69.8,0.0,01:22:55,01:28:34,770,874
Cycling,2020-06-02 18:00:51,Germantown Cycling,26.94,"1,324",01:37:14,150,171,16.6,30.3,587,600,0.0,73.4,0.0,01:35:52,01:43:20,239,366
Running,2020-05-31 09:53:25,Memphis Running,3.40,492,00:46:25,130,152,13:40,7:29,125,119,0.87,0.0,0.0,00:44:05,00:46:25,282,343
Cycling,2020-05-30 08:57:34,Germantown Cycling,42.77,"2,134",02:43:56,142,166,15.7,29.7,"1,211","1,217",0.0,66.2,0.0,02:40:07,03:00:19,255,541
Cycling,2020-05-28 17:16:26,Germantown Cycling,25.85,"1,298",01:35:09,146,163,16.3,30.4,571,623,0.0,66.2,0.0,01:32:54,01:40:31,234,357
Strength Training,2020-05-27 17:30:00,Strength Training,0.00,--,00:00:00,--,--,--,--,--,--,0.0,0.0,0.0,00:00:00,00:00:00,--,--
Running,2020-05-27 16:45:28,Germantown Running,2.51,342,00:25:25,149,163,10:08,8:00,28,34,1.06,0.0,0.0,00:25:24,00:25:25,269,315
Running,2020-05-24 17:39:11,Germantown Running,2.55,339,00:25:22,148,167,9:58,4:26,33,44,1.07,0.0,0.0,00:25:22,00:25:22,269,315
Strength Training,2020-05-24 10:38:00,Strength Training,0.00,--,00:30:00,--,--,--,--,--,--,0.0,0.0,0.0,00:00:00,00:30:00,--,--
Cycling,2020-05-23 09:45:14,Germantown Cycling,34.06,"1,673",02:17:34,144,163,14.9,31.1,817,863,0.0,68.0,0.0,02:13:53,02:27:57,308,442
Cycling,2020-05-21 16:59:54,Germantown Cycling,23.17,"1,157",01:26:37,148,173,16.1,31.4,505,512,0.0,69.8,0.0,01:23:25,01:28:45,285,388
Cycling,2020-05-19 16:48:59,Trainer-Tabatas,0.03,445,00:32:03,143,169,0.1,--,--,--,0.0,64.4,0.0,00:00:00,00:32:03,408,535
Strength Training,2020-05-18 18:49:00,Strength Training,0.00,--,00:00:30,--,--,--,--,--,--,0.0,0.0,0.0,00:00:00,00:00:30,--,--
Running,2020-05-18 17:05:28,Germantown Running,2.58,335,00:26:37,142,157,10:19,8:42,41,43,1.04,0.0,0.0,00:26:36,00:26:37,269,316
Cycling,2020-05-16 09:58:33,Germantown Cycling,42.12,"2,197",02:40:59,145,167,15.7,28.2,"1,204","1,211",0.0,68.0,0.0,02:38:06,03:10:34,207,388
Cycling,2020-05-14 16:08:49,Germantown Cycling,27.71,"1,370",01:41:43,150,171,16.3,31.7,640,650,0.0,69.8,0.0,01:41:00,01:44:51,271,409
Running,2020-05-13 17:07:55,Germantown Running,2.65,357,00:30:32,142,161,11:32,3:33,29,35,0.98,0.0,0.0,00:30:02,00:30:32,269,315
Cycling,2020-05-12 17:36:04,Trainer-Tabatas,0.03,481,00:32:43,150,182,0.1,--,--,--,0.0,60.8,0.0,00:00:00,00:32:45,331,532
Cycling,2020-05-10 09:42:34,Germantown Cycling,42.07,"1,743",02:41:20,139,155,15.6,28.8,"1,230","1,240",0.0,59.0,0.0,02:38:55,02:47:58,290,737
Running,2020-05-09 10:16:40,Germantown Running,4.22,558,00:43:48,144,158,10:23,8:13,54,58,1.03,0.0,0.0,00:43:11,00:43:48,269,315
Cycling,2020-05-07 16:31:48,Germantown Cycling,23.05,"1,083",01:24:33,144,161,16.4,32.7,502,522,0.0,62.6,0.0,01:22:39,01:27:38,407,512
Running,2020-05-06 17:31:28,Germantown Running,3.70,491,00:37:55,150,174,10:15,7:29,38,39,1.04,0.0,0.0,00:37:34,00:37:55,269,316
Cycling,2020-05-05 16:39:53,Germantown Cycling,26.32,"1,289",01:34:52,150,176,16.6,29.8,732,761,0.0,66.2,0.0,01:34:19,01:34:52,209,343
Running,2020-05-03 10:13:52,Memphis Running,3.36,493,00:39:31,144,162,11:46,6:12,87,87,0.94,0.0,0.0,00:38:29,00:39:31,299,341
Cycling,2020-05-02 09:39:48,Germantown Cycling,38.25,"2,119",03:09:08,136,166,12.1,30.9,955,909,0.0,66.2,0.0,02:51:30,03:28:20,204,318
Cycling,2020-04-30 17:08:05,Germantown Cycling,25.85,"1,254",01:37:10,146,167,16.0,28.5,627,646,0.0,62.6,0.0,01:35:23,01:41:16,274,410
Running,2020-04-29 16:35:37,Germantown Running,4.14,576,00:42:34,152,167,10:16,7:35,35,46,1.05,0.0,0.0,00:42:33,00:42:34,269,315
Cycling,2020-04-26 09:49:12,Germantown Cycling,38.79,"1,724",02:29:52,141,161,15.5,29.3,"1,056","1,132",0.0,53.6,0.0,02:27:14,02:37:35,419,566
Cycling,2020-04-24 16:23:04,Germantown Cycling,25.86,"1,281",01:35:08,149,167,16.3,29.6,653,617,0.0,60.8,0.0,01:33:41,01:36:23,179,361
Running,2020-04-23 17:20:41,Germantown Running,4.16,589,00:43:13,153,168,10:24,8:27,28,32,1.02,0.0,0.0,00:42:55,00:43:13,269,315
Cycling,2020-04-21 16:40:14,Germantown Cycling,23.16,"1,212",01:27:48,152,174,15.8,27.2,522,515,0.0,68.0,0.0,01:26:10,01:30:22,142,245
Running,2020-04-19 16:02:17,Germantown Running,4.15,540,00:44:41,139,152,10:46,6:33,19,19,1.0,0.0,0.0,00:44:19,00:44:41,234,259
Cycling,2020-04-18 10:15:18,Germantown Cycling,35.17,"1,600",02:13:18,143,163,15.8,30.1,906,892,0.0,46.4,0.0,02:10:52,02:22:50,299,441
Running,2020-04-17 16:23:16,Germantown Running,3.69,527,00:39:27,152,171,10:42,8:14,47,53,1.0,0.0,0.0,00:38:41,00:39:27,269,315
Cycling,2020-04-15 17:24:08,Germantown Cycling,23.12,"1,011",01:30:51,137,159,15.3,27.5,515,541,0.0,51.8,0.0,01:28:07,01:32:18,313,497
Running,2020-04-14 17:46:27,Germantown Running,4.14,530,00:43:45,143,163,10:33,8:09,37,40,1.0,0.0,0.0,00:42:45,00:43:45,269,316
Cycling,2020-04-11 10:37:11,Germantown Cycling,33.36,"1,561",02:03:58,148,167,16.1,33.4,745,732,0.0,59.0,0.0,02:02:27,02:11:19,293,474
Running,2020-04-10 14:37:27,Germantown Running,4.20,555,00:45:16,146,160,10:47,1:35,44,51,0.99,0.0,0.0,00:44:06,00:45:16,269,316
Cycling,2020-04-09 16:23:20,Germantown Cycling,25.73,"1,138",01:37:51,145,169,15.8,27.0,636,650,0.0,60.8,0.0,01:35:53,01:42:02,266,404
Running,2020-04-07 17:15:14,Germantown Running,4.00,586,00:43:59,155,180,11:00,6:59,42,49,1.0,0.0,0.0,00:43:15,00:43:59,269,315
Cycling,2020-04-05 11:07:50,Germantown Cycling,23.79,"1,093",01:33:57,140,159,15.2,28.4,551,545,0.0,60.8,0.0,01:31:20,01:37:33,315,474
Running,2020-04-04 09:54:01,Germantown Running,3.59,485,00:41:45,140,157,11:39,2:20,27,25,0.96,0.0,0.0,00:40:44,00:41:45,234,259
Cycling,2020-03-28 13:59:05,Berkeley Cycling,24.86,"1,234",02:12:36,138,163,11.3,34.6,"2,638","2,628",0.0,42.8,0.0,02:11:06,02:20:06,317,"1,718"
Cycling,2020-03-27 16:06:37,Berkeley Cycling,19.96,"1,307",01:48:22,152,172,11.1,36.4,"2,247","2,254",0.0,42.8,0.0,01:45:09,01:54:14,386,"1,773"
Cycling,2020-03-22 09:35:02,Berkeley Cycling,24.78,"1,410",02:08:26,145,163,11.6,34.8,"2,612","2,598",0.0,48.2,0.0,02:07:25,02:10:16,263,"1,623"
Cycling,2020-03-18 15:46:12,Berkeley Cycling,20.47,"1,195",01:48:29,147,167,11.3,34.9,"2,333","2,287",0.0,44.6,0.0,01:47:11,01:54:00,289,"1,677"
Running,2020-03-15 18:01:34,Albany Running,3.47,498,00:38:56,152,167,11:14,3:05,22,21,0.97,0.0,0.0,00:37:29,00:38:56,44,80
Running,2020-03-11 17:58:33,Oakland Running,4.39,696,00:55:21,154,173,12:37,6:37,655,648,0.93,0.0,0.0,00:53:16,00:55:21,792,"1,284"
Cycling,2020-03-09 16:54:56,Berkeley Cycling,12.73,985,01:07:38,151,168,11.3,35.7,"1,512","1,503",0.0,50.0,0.0,01:06:48,01:34:53,273,"1,638"
Running,2020-03-07 16:21:32,Oakland Running,4.32,749,00:55:43,157,184,12:54,6:06,581,580,0.92,0.0,0.0,00:51:20,00:55:43,799,"1,274"
Running,2020-03-05 17:24:29,Albany Running,3.09,441,00:33:32,151,165,10:52,5:06,15,16,1.01,0.0,0.0,00:33:03,00:33:32,44,75
Trail Running,2020-02-29 19:30:00,Yosemite Falls-Eagle Peak Hike,12.00,--,08:00:00,--,--,40:00,--,--,--,0.0,0.0,0.0,00:00:00,08:00:00,--,--
Cycling,2020-02-20 16:03:54,Berkeley Cycling,15.97,"1,171",01:26:51,153,174,11.0,34.7,"1,959","1,916",0.0,50.0,0.0,01:26:00,01:31:23,465,"1,818"
Cycling,2020-02-15 10:02:17,Berkeley Cycling,27.90,"1,706",02:23:07,147,166,11.7,40.3,"2,730","2,759",0.0,50.0,0.0,02:19:11,02:31:28,432,"1,894"
Cycling,2020-02-13 13:52:52,Berkeley Cycling,23.92,"1,518",02:03:55,146,168,11.6,35.0,"2,546","2,523",0.0,42.8,0.0,02:01:55,02:11:19,274,"1,675"
Running,2020-02-12 11:17:05,Albany Running,3.51,500,00:38:19,151,170,10:54,5:33,38,41,1.0,0.0,0.0,00:37:14,00:38:19,44,81
Cycling,2020-02-09 10:10:18,Berkeley Cycling,19.03,"1,214",01:53:41,141,162,10.0,38.0,"2,178","2,037",0.0,46.4,0.0,01:46:46,01:59:21,180,"1,707"
Cycling,2020-02-07 15:58:26,Berkeley Cycling,19.44,"1,396",01:40:48,157,176,11.6,35.0,"2,221","2,192",0.0,46.4,0.0,01:39:34,01:42:39,288,"1,645"
Cycling,2020-02-04 14:24:04,Berkeley Cycling,11.52,821,01:08:22,141,167,10.1,35.0,"1,542","1,165",0.0,44.6,0.0,01:07:54,01:48:13,261,"1,641"
Cycling,2020-02-02 10:12:44,Marin County Cycling,37.39,"2,045",02:58:38,148,169,12.6,32.4,"2,149","2,185",0.0,46.4,0.0,02:49:13,03:05:23,-31,614
Cycling,2020-01-28 16:03:04,Berkeley Cycling,15.74,"1,068",01:30:08,151,171,10.5,34.9,"1,988","1,952",0.0,42.8,0.0,01:27:55,01:33:37,490,"1,863"
Cycling,2020-01-26 12:12:12,Berkeley Cycling,23.63,"1,397",02:11:02,148,174,10.8,35.8,"2,425","2,457",0.0,50.0,0.0,02:07:02,02:20:26,449,"1,921"
Running,2020-01-23 16:55:20,Albany Running,3.47,478,00:38:56,145,164,11:13,7:24,31,34,0.96,0.0,0.0,00:37:05,00:38:56,44,81
Running,2020-01-20 11:03:41,Oakland Running,5.51,865,01:08:37,152,173,12:27,7:04,619,594,0.93,0.0,0.0,01:04:28,01:08:37,785,"1,274"
Running,2020-01-18 10:32:31,Albany Running,3.50,516,00:39:39,151,169,11:20,8:12,35,37,0.96,0.0,0.0,00:37:47,00:39:39,44,81
Cycling,2020-01-17 17:59:02,Trainer,0.03,746,00:54:53,152,171,0.0,--,--,--,0.0,53.6,0.0,00:00:00,00:56:37,366,748
Cycling,2020-01-14 18:14:52,Trainer,0.02,826,00:57:28,158,173,0.0,--,--,--,0.0,55.4,0.0,00:00:00,00:57:28,353,504
Cycling,2020-01-12 12:49:21,Berkeley Cycling,18.65,"1,520",01:56:36,156,177,9.6,36.9,"2,277","1,368",0.0,42.8,0.0,01:48:11,02:26:32,121,"1,714"
Cycling,2019-12-29 12:52:53,Trainer,0.06,757,00:54:16,155,168,0.1,--,--,--,0.0,59.0,0.0,00:00:00,00:54:16,360,398
Cycling,2019-12-28 10:53:30,Berkeley Cycling,19.85,"1,472",01:52:06,149,169,10.6,37.4,"2,211","2,195",0.0,48.2,0.0,01:45:13,02:06:03,140,"1,733"
Cycling,2019-12-19 18:17:04,Trainer,0.03,596,00:42:24,155,175,0.0,1.2,--,--,0.0,60.8,0.0,00:00:37,00:42:24,323,329
Cycling,2019-12-13 19:28:13,Trainer,0.04,597,00:38:36,158,172,0.1,1.1,--,--,0.0,59.0,0.0,00:00:08,00:39:36,283,335
Running,2019-12-08 10:12:25,Albany Running,3.12,452,00:34:53,150,167,11:11,6:04,16,16,0.98,0.0,0.0,00:33:38,00:34:53,44,75
Cycling,2019-11-05 17:58:08,Trainer,0.07,761,00:50:01,159,185,0.1,1.4,--,7,0.0,55.4,0.0,00:01:05,00:50:01,182,259
Cycling,2019-10-29 16:36:34,Berkeley Cycling,11.34,794,01:10:08,145,166,9.7,35.2,"1,539","1,060",0.0,55.4,0.0,01:04:56,01:34:47,285,"1,625"
Cycling,2019-10-28 17:23:45,Trainer,0.03,--,00:48:34,--,--,0.0,1.0,--,--,0.0,59.0,0.0,00:00:00,00:48:34,289,293
Cycling,2019-10-25 10:57:42,Trainer,0.02,490,00:35:57,150,165,0.0,1.5,3,--,0.0,60.8,0.0,00:00:00,00:35:57,312,334
Running,2019-10-24 17:15:55,Albany Running,3.48,495,00:38:01,151,169,10:56,7:50,32,34,0.99,0.0,0.0,00:36:10,00:38:01,44,81
Cycling,2019-10-22 17:24:51,Trainer,0.05,655,00:49:59,148,168,0.1,1.2,--,--,0.0,62.6,0.0,00:00:00,00:49:59,291,388
Cycling,2019-10-20 10:38:43,Berkeley Cycling,23.62,"1,335",02:03:23,151,174,11.5,37.4,"2,264","2,293",0.0,59.0,0.0,02:00:03,02:08:18,421,"1,874"
Cycling,2019-10-10 17:54:22,Trainer,0.03,667,00:47:46,154,167,0.0,1.6,--,7,0.0,59.0,0.0,00:00:48,00:47:46,209,257
Cycling,2019-10-09 17:34:03,Trainer,0.02,493,00:35:10,153,167,0.0,--,--,--,0.0,59.0,0.0,00:00:00,00:35:10,252,314
Running,2019-10-08 17:56:19,Albany Running,3.52,484,00:35:56,156,168,10:13,6:25,39,42,1.05,0.0,0.0,00:35:39,00:35:56,43,81
Running,2019-10-03 17:36:26,Albany Running,3.53,496,00:37:02,155,170,10:30,7:44,38,41,1.03,0.0,0.0,00:36:17,00:37:02,44,81
Cycling,2019-09-29 16:20:55,Berkeley Cycling,7.75,569,00:44:14,149,170,10.5,33.5,928,906,0.0,55.4,0.0,00:42:26,01:19:46,181,858
Running,2019-09-15 08:40:07,Oakland Running,5.01,737,00:59:33,150,169,11:54,3:35,564,566,0.95,0.0,0.0,00:57:09,00:59:33,786,"1,276"
Cycling,2019-09-13 17:27:45,Berkeley Cycling,0.01,295,00:20:30,153,170,0.0,1.2,--,--,0.0,66.2,0.0,00:00:00,00:20:30,449,455
Running,2019-09-12 17:55:38,Albany Running,3.82,566,00:39:31,161,178,10:21,6:53,38,40,1.01,0.0,0.0,00:37:59,00:39:31,43,81
Running,2019-09-08 10:28:48,Albany Running,3.49,491,00:36:59,150,170,10:36,3:50,27,28,1.02,0.0,0.0,00:35:22,00:36:59,43,80
Running,2019-08-31 09:49:13,Albany Running,3.82,538,00:39:30,154,170,10:21,6:49,27,28,1.03,0.0,0.0,00:39:00,00:39:30,44,81
Running,2019-08-27 18:01:22,Albany Running,3.76,521,00:37:38,155,172,10:01,7:16,40,43,1.06,0.0,0.0,00:36:57,00:37:38,43,80
Running,2019-08-23 17:16:26,El Cerrito Running,2.93,408,00:30:15,154,165,10:20,4:15,38,18,1.04,0.0,0.0,00:29:34,00:30:15,44,80
Cycling,2019-08-18 08:37:18,Berkeley Cycling,35.95,"1,859",03:03:03,146,169,11.8,39.4,"3,652","3,730",0.0,55.4,0.0,02:56:57,03:12:03,135,"1,619"
Cycling,2019-08-13 16:50:01,Berkeley Cycling,19.88,"1,203",01:44:25,152,176,11.4,36.5,"2,175","2,103",0.0,64.4,0.0,01:41:04,01:56:12,280,"1,585"
Running,2019-08-11 09:31:03,Oakland Running,4.16,534,00:57:43,131,160,13:52,6:37,601,608,0.89,0.0,0.0,00:54:05,00:57:43,794,"1,277"
Cycling,2019-08-10 08:53:08,Sausalito Cycling,42.06,"2,388",03:38:27,149,175,11.6,36.2,"3,881","3,930",0.0,55.4,0.0,03:32:13,03:55:14,-33,"2,005"
Running,2019-08-06 17:06:41,Albany Running,3.81,526,00:38:47,155,170,10:11,5:50,27,28,1.05,0.0,0.0,00:38:10,00:38:47,44,80
Cycling,2019-08-04 09:00:09,Berkeley Cycling,27.85,"1,499",02:16:01,148,173,12.3,39.9,"2,671","2,687",0.0,53.6,0.0,02:13:28,02:23:10,109,"1,570"
Running,2019-07-27 10:25:15,Oakland Running,4.46,705,00:54:10,153,175,12:09,1:35,746,741,0.92,0.0,0.0,00:48:44,00:54:10,793,"1,265"
Cycling,2019-07-13 08:43:06,Berkeley Cycling,23.53,"1,472",01:56:31,143,170,12.1,35.3,"2,205","2,287",0.0,51.8,0.0,01:53:32,02:36:44,142,"1,666"
Running,2019-07-11 17:48:44,Albany Running,3.53,487,00:37:11,150,167,10:32,4:15,33,36,1.01,0.0,0.0,00:35:25,00:37:11,44,80
Cycling,2019-07-10 17:32:38,Berkeley Cycling,12.78,878,01:08:04,153,177,11.3,33.0,"1,539","1,480",0.0,59.0,0.0,01:07:50,01:09:03,440,"1,784"
Cycling,2019-07-07 09:04:57,Berkeley Cycling,22.89,"1,132",02:04:26,136,164,11.0,38.9,"2,533","2,536",0.0,48.2,0.0,01:59:03,02:07:43,152,"1,634"
Running,2019-07-06 10:12:16,Oakland Running,4.30,632,00:52:33,146,172,12:13,5:03,597,642,0.9,0.0,0.0,00:47:45,00:52:33,800,"1,281"
Running,2019-07-04 11:39:10,Oakland Running,5.21,756,01:00:21,150,172,11:35,6:27,646,637,0.96,0.0,0.0,00:57:27,01:00:21,797,"1,263"
Cycling,2019-07-02 17:15:41,Berkeley Cycling,19.96,"1,110",01:44:59,144,172,11.4,36.5,"2,244","2,175",0.0,53.6,0.0,01:42:36,01:47:50,280,"1,627"
Cycling,2019-06-30 08:26:49,San Francisco Cycling,39.65,"2,096",03:06:20,143,175,12.8,34.9,"1,900","1,929",0.0,50.0,0.0,02:52:42,04:10:23,-99,348
Running,2019-06-29 10:00:12,Oakland Running,5.27,800,01:04:11,150,170,12:11,5:54,711,708,0.92,0.0,0.0,01:00:00,01:04:11,783,"1,264"
Cycling,2019-06-23 10:35:34,Placer County Cycling,15.76,"2,267",03:33:14,144,179,4.4,28.8,"1,401","2,546",0.0,64.4,0.0,02:33:23,03:33:14,"6,613","8,134"
Running,2019-06-17 19:06:46,Albany Running,3.78,481,00:38:27,144,157,10:10,6:44,31,33,1.05,0.0,0.0,00:37:38,00:38:27,41,79
Cycling,2019-06-15 10:13:11,Berkeley Cycling,30.67,"1,665",02:35:35,142,165,11.8,36.8,"3,081","3,094",0.0,46.4,0.0,02:30:53,02:45:52,469,"1,680"
Running,2019-06-13 16:45:15,Oakland Running,5.27,756,00:59:09,151,169,11:14,7:38,624,148,0.97,0.0,0.0,00:56:33,00:59:09,778,"1,263"
Cycling,2019-06-12 18:31:07,Berkeley Cycling,22.02,"1,318",01:41:00,150,167,13.1,37.3,"2,011","1,939",0.0,51.8,0.0,01:40:41,01:44:52,965,"1,652"
Running,2019-06-09 10:05:22,Oakland Running,5.34,761,01:04:01,--,--,12:00,1:15,678,665,0.94,0.0,0.0,01:01:28,01:04:01,785,"1,266"
Cycling,2019-06-08 09:44:39,Berkeley Cycling,36.62,"1,991",02:54:58,142,173,12.6,38.9,"3,438","3,428",0.0,66.2,0.0,02:52:21,03:09:35,472,"1,633"
Running,2019-06-05 15:52:41,Oakland Running,5.03,784,00:59:58,153,173,11:55,5:21,733,668,0.95,0.0,0.0,00:56:40,00:59:58,761,"1,295"
Cycling,2019-06-04 17:29:26,Berkeley Cycling,21.73,"1,345",01:48:00,149,170,12.1,36.2,"1,975","1,913",0.0,71.6,0.0,01:45:48,01:53:21,"1,034","1,705"
Cycling,2019-06-02 10:12:24,Berkeley Cycling,33.69,"1,845",02:49:10,141,166,11.9,36.4,"3,232","3,238",0.0,50.0,0.0,02:44:46,03:01:37,457,"1,650"
Running,2019-06-01 11:24:25,Oakland Running,5.42,839,01:05:13,152,169,12:02,6:13,657,652,0.93,0.0,0.0,00:59:32,01:05:13,798,"1,264"
Cycling,2019-05-27 09:08:05,Sausalito Cycling,42.06,"2,415",03:36:14,145,175,11.7,35.4,"4,035","4,055",0.0,42.8,0.0,03:28:47,03:43:54,130,"2,213"
Running,2019-05-25 10:18:50,Oakland Running,5.45,830,01:02:16,152,166,11:26,7:22,682,649,0.97,0.0,0.0,00:59:39,01:02:16,776,"1,274"
Cycling,2019-05-22 17:01:47,Berkeley Cycling,19.80,"1,273",01:39:22,156,180,12.0,34.2,"2,224","2,172",0.0,57.2,0.0,01:38:47,01:40:39,276,"1,625"
Cycling,2019-05-20 17:31:11,Berkeley Cycling,0.04,430,00:32:02,149,179,0.1,1.9,--,--,0.0,57.2,0.0,00:00:00,00:32:21,260,294
Running,2019-05-19 12:11:07,Albany Running,3.76,510,00:40:21,144,160,10:45,7:24,36,38,0.99,0.0,0.0,00:36:39,00:40:21,44,80
Cycling,2019-05-18 13:04:48,Berkeley Cycling,0.07,840,01:04:21,148,163,0.1,1.5,--,--,0.0,51.8,0.0,00:00:05,01:04:21,270,329
Cycling,2019-05-14 16:00:00,Berkeley Cycling,20.00,--,01:45:00,--,--,11.4,--,--,--,0.0,0.0,0.0,00:00:00,01:45:00,--,--
Cycling,2019-05-12 10:06:08,Sausalito Cycling,10.73,466,01:13:31,112,148,8.8,26.8,230,233,0.0,59.0,0.0,00:53:44,01:13:31,-17,176
Running,2019-05-11 10:12:42,Oakland Running,5.39,807,01:01:24,150,167,11:23,3:33,"1,050","1,056",0.97,0.0,0.0,00:57:51,01:01:24,779,"1,298"
Cycling,2019-05-09 16:27:44,Berkeley Cycling,19.95,"1,226",01:42:29,152,173,11.7,34.2,"2,310","2,257",0.0,44.6,0.0,01:41:45,01:47:24,306,"1,690"
Cycling,2019-05-06 17:36:15,Berkeley Cycling,0.04,689,00:53:02,143,164,0.0,1.1,--,--,0.0,55.4,0.0,00:00:00,00:53:02,278,325
Running,2019-05-05 09:21:14,San Francisco Running,4.05,497,00:49:59,127,147,12:20,2:55,230,237,0.93,0.0,0.0,00:48:22,00:50:02,14,236
Cycling,2019-05-04 09:00:47,Berkeley Cycling,34.97,"2,173",03:03:08,144,171,11.5,38.6,"3,678","3,776",0.0,48.2,0.0,02:53:24,03:34:55,185,"1,675"
Running,2019-05-03 12:21:11,Albany Running,3.74,511,00:38:03,150,164,10:11,3:36,25,27,1.03,0.0,0.0,00:37:31,00:38:03,41,79
Cycling,2019-04-30 17:11:27,Berkeley Cycling,0.06,760,00:53:02,150,162,0.1,1.2,--,--,0.0,57.2,0.0,00:00:00,00:53:02,341,409
Running,2019-04-28 14:54:46,Oakland Running,5.11,783,00:58:29,151,165,11:27,7:09,549,513,0.97,0.0,0.0,00:56:14,00:58:29,800,"1,271"
Cycling,2019-04-27 09:44:48,Berkeley Cycling,36.78,"2,483",03:11:21,151,177,11.5,39.0,"3,776","3,825",0.0,50.0,0.0,03:04:58,03:51:21,150,"1,690"
Running,2019-04-24 17:31:51,Albany Running,3.75,524,00:38:23,150,164,10:14,8:05,27,29,1.05,0.0,0.0,00:37:27,00:38:23,43,81
Cycling,2019-04-14 09:34:18,Sausalito Cycling,57.37,"3,158",04:27:24,143,170,12.9,40.1,"3,789","3,757",0.0,53.6,0.0,04:10:11,04:49:28,98,768
Running,2019-04-13 09:50:50,Oakland Running,5.17,763,01:03:44,142,159,12:19,2:39,677,673,0.91,0.0,0.0,00:57:09,01:03:44,791,"1,274"
Cycling,2019-04-11 15:42:14,Berkeley Cycling,20.87,"1,396",01:48:34,148,167,11.5,35.8,"2,428","2,349",0.0,51.8,0.0,01:47:25,01:55:46,293,"1,690"
Running,2019-04-10 17:56:30,Albany Running,3.68,540,00:38:15,153,167,10:24,6:37,36,38,1.03,0.0,0.0,00:36:26,00:38:15,42,79
Cycling,2019-04-09 15:37:43,Berkeley Cycling,21.16,"1,415",01:51:40,150,172,11.4,37.7,"2,067","2,379",0.0,55.4,0.0,01:47:49,02:00:32,-11,"1,642"
Cycling,2019-04-07 08:03:28,Berkeley Cycling,35.60,"2,002",02:58:24,142,163,12.0,37.3,"3,599","3,645",0.0,48.2,0.0,02:55:09,03:06:38,156,"1,646"
Running,2019-04-06 09:37:37,Albany Running,3.75,528,00:39:35,146,161,10:33,7:09,30,28,1.01,0.0,0.0,00:36:47,00:39:35,43,81
Cycling,2019-04-03 15:56:49,Berkeley Cycling,21.03,"1,406",01:46:56,153,175,11.8,35.3,"2,405","2,352",0.0,46.4,0.0,01:46:17,01:53:45,271,"1,651"
Running,2019-03-31 10:33:50,Albany Running,3.31,465,00:36:58,142,158,11:10,3:53,28,27,0.97,0.0,0.0,00:34:11,00:36:58,46,82
Cycling,2019-03-30 09:07:53,Berkeley Cycling,36.01,"2,215",03:10:53,147,173,11.3,36.9,"3,763","3,750",0.0,48.2,0.0,03:01:10,03:17:48,222,"1,687"
Cycling,2019-03-29 15:33:59,Berkeley Cycling,0.05,616,00:42:49,147,161,0.1,1.3,3,--,0.0,57.2,0.0,00:00:19,00:42:49,418,431
Cycling,2019-03-26 18:01:55,Berkeley Cycling,0.05,723,00:52:23,144,160,0.1,1.8,3,--,0.0,55.4,0.0,00:00:00,00:52:23,365,428
Cycling,2019-03-24 12:39:38,Berkeley Cycling,27.89,"1,634",02:25:37,143,165,11.5,42.8,"2,782","2,749",0.0,55.4,0.0,02:18:39,02:36:59,488,"1,923"
Running,2019-03-23 12:18:06,Albany Running,3.47,487,00:36:19,147,166,10:28,6:53,30,31,1.01,0.0,0.0,00:34:04,00:36:19,44,80
Cycling,2019-03-22 16:34:05,Berkeley Cycling,0.03,539,00:37:09,147,176,0.1,1.0,--,--,0.0,53.6,0.0,00:00:00,00:37:09,251,289
Cycling,2019-03-20 18:20:16,Berkeley Cycling,0.06,770,00:54:10,148,162,0.1,1.5,--,--,0.0,53.6,0.0,00:00:09,00:54:10,347,354
Cycling,2019-03-19 17:32:14,Berkeley Cycling,0.07,796,00:55:08,147,160,0.1,--,--,--,0.0,55.4,0.0,00:00:00,00:55:08,308,342
Running,2019-03-17 11:07:52,Santa Cruz County - Running,9.92,896,04:43:22,--,--,28:34,4:28,"2,227","2,252",0.55,0.0,0.0,03:24:38,04:43:22,352,"1,341"
Cycling,2019-03-16 09:01:45,Sausalito - Cycling,39.61,"2,483",03:25:36,148,173,11.6,35.3,"3,261","3,258",0.0,42.8,0.0,03:14:52,03:44:21,68,901
Cycling,2019-03-13 16:40:48,Berkeley - Cycling,20.78,"1,514",01:53:48,149,169,11.0,34.8,"2,402","2,320",0.0,50.0,0.0,01:49:55,02:09:42,256,"1,715"
Running,2019-03-11 17:28:16,Albany - Running,3.77,561,00:43:56,148,180,11:38,6:17,38,40,0.91,0.0,0.0,00:37:45,00:43:56,44,80
Cycling,2019-03-10 15:13:20,Berkeley - Cycling,0.05,956,01:06:34,148,168,0.0,1.2,--,--,0.0,48.2,0.0,00:00:00,01:06:34,351,430
Running,2019-03-09 08:33:43,Albany - Running,3.83,521,00:44:04,139,158,11:30,4:27,32,27,0.93,0.0,0.0,00:39:27,00:44:04,44,81
Cycling,2019-03-03 16:10:10,Berkeley - Cycling,0.05,831,00:55:23,151,166,0.1,--,--,--,0.0,53.6,0.0,00:00:00,00:55:23,314,360
Cycling,2019-03-02 13:45:59,Berkeley - Cycling,0.08,805,00:54:29,147,159,0.1,1.6,--,--,0.0,53.6,0.0,00:00:26,00:56:17,226,295
Strength Training,2019-02-27 18:00:00,Crossfit,0.00,--,01:00:00,--,--,--,--,--,--,0.0,0.0,0.0,00:00:00,01:00:00,--,--
Cycling,2019-02-26 17:30:18,Berkeley - Cycling,0.06,715,00:49:31,145,163,0.1,1.2,--,--,0.0,53.6,0.0,00:00:06,00:49:31,305,333
Cycling,2019-02-24 08:20:57,San Francisco - Cycling,39.57,"2,351",03:25:54,144,172,11.5,33.5,"3,205","3,176",0.0,39.2,0.0,03:14:12,03:49:27,-304,"1,841"
Running,2019-02-23 11:05:06,Albany - Running,3.71,516,00:39:08,147,163,10:33,7:05,27,24,1.0,0.0,0.0,00:38:07,00:39:08,43,80
Cycling,2019-02-21 17:07:15,Berkeley - Cycling,0.04,740,00:49:45,147,158,0.0,1.0,--,--,0.0,50.0,0.0,00:02:02,00:49:45,188,327
Strength Training,2019-02-20 18:00:00,Crossfit,0.00,--,01:00:00,--,--,--,--,--,--,0.0,0.0,0.0,00:00:00,01:00:00,--,--
Cycling,2019-02-18 13:38:36,Berkeley Cycling,19.66,"1,271",01:44:15,144,167,11.3,31.0,"2,096","2,054",0.0,44.6,0.0,01:42:04,01:55:43,285,"1,684"
Cycling,2019-02-17 12:14:21,Berkeley Cycling,27.87,"1,760",02:24:28,150,175,11.6,36.9,"2,838","2,818",0.0,39.2,0.0,02:19:16,02:31:53,136,"1,624"
Running,2019-02-16 13:21:41,Albany Running,3.71,524,00:38:38,151,165,10:24,7:25,41,44,1.03,0.0,0.0,00:37:49,00:38:38,42,80
Cycling,2019-02-10 13:58:34,Berkeley Cycling,19.44,"1,282",01:50:54,146,175,10.5,35.1,"2,100","2,159",0.0,37.4,0.0,01:44:44,01:57:04,109,"1,629"
Running,2019-02-09 10:55:55,Albany Running,4.02,568,00:50:02,143,168,12:27,4:35,33,31,0.86,0.0,0.0,00:40:34,00:50:02,43,84
Cycling,2019-02-06 17:25:07,Berkeley Cycling,0.06,746,00:49:23,150,167,0.1,1.5,--,--,0.0,51.8,0.0,00:00:30,00:49:23,325,343
Cycling,2019-02-04 17:23:20,Berkeley Cycling,0.08,775,00:51:10,151,173,0.1,1.4,--,--,0.0,48.2,0.0,00:00:18,00:51:10,340,354
Cycling,2019-02-02 09:12:27,Berkeley Cycling,0.06,820,00:55:12,149,164,0.1,2.7,--,--,0.0,51.8,0.0,00:00:21,00:55:16,83,297
Cycling,2019-01-30 16:59:54,Berkeley Cycling,0.05,742,00:49:19,151,164,0.1,1.8,--,--,0.0,55.4,0.0,00:00:00,00:49:19,177,304
Cycling,2019-01-29 17:38:23,Berkeley Cycling,0.03,714,00:49:41,148,163,0.0,1.5,--,--,0.0,55.4,0.0,00:00:07,00:49:41,407,593
Running,2019-01-27 15:17:12,Albany Running,2.69,401,00:29:24,152,171,10:54,6:34,22,25,1.02,0.0,0.0,00:28:19,00:29:24,43,72
Cycling,2019-01-26 08:57:10,Berkeley Cycling,23.76,"1,461",02:09:49,146,169,11.0,37.7,"2,425","2,444",0.0,50.0,0.0,02:04:06,02:15:00,330,"1,797"
Cycling,2019-01-25 16:10:12,Berkeley Cycling,0.03,657,00:46:02,150,168,0.0,1.2,--,--,0.0,57.2,0.0,00:01:06,00:46:02,306,331
Cycling,2019-01-24 15:55:09,Berkeley Cycling,0.03,696,00:49:48,153,174,0.0,--,--,--,0.0,55.4,0.0,00:00:00,00:49:48,360,439
Cycling,2019-01-21 10:29:12,Sausalito Cycling,25.72,"1,713",02:14:26,146,176,11.5,34.6,"2,041","2,008",0.0,46.4,0.0,02:08:04,02:28:38,-31,"1,524"
Cycling,2019-01-19 09:13:22,Berkeley Cycling,27.87,"1,588",02:25:05,149,174,11.5,35.5,"2,753","2,753",0.0,51.8,0.0,02:21:01,02:46:46,272,"2,020"
Cycling,2019-01-16 17:15:34,Berkeley Cycling,0.10,636,00:45:05,154,177,0.1,1.5,--,--,0.0,57.2,0.0,00:01:02,00:45:05,257,318
Cycling,2019-01-15 16:46:02,Berkeley Cycling,0.06,719,00:48:49,159,174,0.1,1.6,--,3,0.0,50.0,0.0,00:00:16,00:48:49,84,286
Cycling,2019-01-12 16:24:24,Berkeley Cycling,0.03,706,00:50:17,155,179,0.0,1.2,--,--,0.0,55.4,0.0,00:00:00,00:50:17,355,363
Cycling,2019-01-10 16:48:20,Berkeley Cycling,0.03,544,00:36:31,152,172,0.1,1.3,--,--,0.0,55.4,0.0,00:00:00,00:40:38,363,510
Running,2019-01-01 11:11:38,Marin County Running,2.90,274,01:13:32,--,--,25:20,3:05,671,280,0.58,0.0,0.0,00:57:20,01:13:32,669,"1,112"
Cycling,2018-12-21 16:34:39,Berkeley Cycling,0.09,575,00:41:51,146,168,0.1,1.9,--,--,0.0,57.2,0.0,00:01:36,00:41:51,314,402
Cycling,2018-12-19 17:07:53,Berkeley Cycling,0.07,432,00:33:19,145,173,0.1,1.4,--,--,0.0,57.2,0.0,00:00:33,00:33:19,289,337
Running,2018-12-16 10:23:41,Contra Costa County Running,3.71,591,00:47:54,141,160,12:55,6:04,532,527,0.89,0.0,0.0,00:45:54,00:47:54,"1,248","1,511"
Cycling,2018-12-15 08:36:13,Berkeley Cycling,27.82,"1,473",02:26:19,143,167,11.4,35.8,"2,756","2,795",0.0,48.2,0.0,02:22:47,02:34:51,165,"1,646"
Cycling,2018-12-13 17:27:46,Berkeley Cycling,0.06,600,00:43:24,151,174,0.1,1.4,--,--,0.0,55.4,0.0,00:00:05,00:43:24,315,386
Cycling,2018-12-11 18:09:52,Berkeley Cycling,0.02,586,00:42:13,153,172,0.0,1.1,--,--,0.0,55.4,0.0,00:00:00,00:42:14,346,386
Running,2018-12-09 10:03:27,Albany Running,3.44,472,00:38:25,141,154,11:10,7:14,32,33,0.97,0.0,0.0,00:36:42,00:38:34,44,81
Cycling,2018-12-08 09:35:04,Berkeley Cycling,19.85,"1,280",01:55:16,148,170,10.3,39.1,"2,205","2,208",0.0,44.6,0.0,01:48:06,02:09:02,412,"1,871"
Cycling,2018-12-03 16:55:39,Berkeley Cycling,0.05,492,00:36:10,148,174,0.1,1.1,--,--,0.0,50.0,0.0,00:00:00,00:36:15,266,302
Cycling,2018-12-02 09:44:27,Sausalito Cycling,27.41,"1,356",02:09:41,143,178,12.7,28.8,"1,043","1,020",0.0,42.8,0.0,01:59:25,02:30:17,-16,428
Running,2018-12-01 10:25:27,Albany Running,3.78,522,00:38:01,152,182,10:03,5:45,32,29,1.06,0.0,0.0,00:37:40,00:38:01,44,80
Running,2018-11-25 10:17:11,Albany Running,3.64,496,00:37:00,150,166,10:09,4:55,35,39,1.04,0.0,0.0,00:36:28,00:37:00,43,80
Running,2018-11-20 09:08:53,Albany Running,3.07,455,00:33:07,153,170,10:46,7:06,25,27,0.99,0.0,0.0,00:31:57,00:33:07,44,76
Running,2018-11-18 11:41:30,Albany Running,3.67,563,00:39:24,157,170,10:44,8:07,28,30,0.99,0.0,0.0,00:38:15,00:39:24,44,80
Running,2018-11-07 17:03:55,Albany Running,3.59,496,00:37:10,148,167,10:20,7:33,38,38,1.02,0.0,0.0,00:36:26,00:37:10,43,80
Running,2018-11-05 17:02:32,Albany Running,3.65,537,00:37:36,--,--,10:19,6:15,36,37,1.03,0.0,0.0,00:37:36,00:37:36,43,81
Running,2018-11-01 17:51:21,Albany Running,3.20,442,00:33:22,154,174,10:25,7:46,15,14,1.03,0.0,0.0,00:32:22,00:33:22,44,78
Running,2018-10-07 12:49:45,Albany Running,3.04,415,00:32:58,150,164,10:50,6:09,30,29,1.01,0.0,0.0,00:31:29,00:32:58,43,77
Running,2018-09-23 10:37:20,Contra Costa County Running,3.79,646,00:50:03,153,173,13:12,3:53,328,325,0.84,0.0,0.0,00:45:14,00:50:03,"1,266","1,511"
Running,2018-09-14 09:33:56,Teton County Running,5.44,226,04:03:22,--,--,44:42,13:04,"2,938",--,0.32,0.0,0.0,01:14:48,04:03:22,"6,734","9,690"
Cycling,2018-09-08 10:41:09,Santa Rosa Cycling,20.62,865,01:24:55,131,154,14.6,25.6,453,446,0.0,62.6,0.0,01:21:13,01:24:59,37,115
Cycling,2018-09-03 11:10:05,Berkeley Cycling,23.60,"1,434",02:13:39,142,166,10.6,38.1,"2,415","2,428",0.0,59.0,0.0,02:07:46,02:34:42,174,"1,627"
Cycling,2018-07-30 08:59:11,Mendocino County Cycling,26.52,"1,147",01:52:35,136,158,14.1,34.8,"1,060","1,040",0.0,50.0,0.0,01:48:08,01:52:35,-7,235
Running,2018-07-22 09:36:08,Nevada County Running,2.13,194,00:58:44,--,--,27:34,3:17,206,231,0.54,0.0,0.0,00:42:55,00:58:44,"7,095","7,251"
Running,2018-07-20 15:19:01,Truckee Running,3.36,314,01:31:56,--,--,27:24,5:21,66,48,0.52,0.0,0.0,01:06:14,01:31:56,"5,933","5,974"
Cycling,2018-07-15 09:12:01,Berkeley Cycling,19.89,"1,151",01:51:22,143,166,10.7,39.8,"2,218","2,247",0.0,51.8,0.0,01:45:38,01:57:14,291,"1,777"
Running,2018-07-08 09:46:13,Contra Costa County Running,2.84,464,00:37:10,140,157,13:05,6:49,252,254,0.85,0.0,0.0,00:34:43,00:42:10,"1,266","1,472"
Running,2018-07-05 18:07:13,Albany Running,3.73,513,00:36:07,156,179,9:41,4:08,42,40,1.1,0.0,0.0,00:35:35,00:36:07,43,81
Running,2018-06-24 16:07:45,Albany Running,3.71,499,00:36:43,151,165,9:54,6:33,26,28,1.08,0.0,0.0,00:36:01,00:36:43,45,80
Running,2018-06-17 10:09:17,Albany Running,3.08,402,00:32:33,141,156,10:35,6:28,32,29,1.03,0.0,0.0,00:32:01,00:32:33,43,76
Cycling,2018-06-16 08:51:06,Berkeley Cycling,28.07,"1,527",02:31:36,141,163,11.1,38.9,"2,746","2,772",0.0,53.6,0.0,02:24:31,02:36:26,175,"1,648"
Running,2018-06-10 15:07:51,Contra Costa County Running,1.58,120,00:55:00,--,--,34:55,3:27,146,130,0.41,0.0,0.0,00:27:57,00:55:00,742,837
Running,2018-06-10 11:10:21,Contra Costa County Running,3.94,585,00:44:58,147,167,11:24,3:14,262,263,0.96,0.0,0.0,00:42:54,00:44:58,"1,259","1,517"
Running,2018-06-03 09:51:39,Albany Running,3.63,498,00:37:43,149,167,10:23,7:40,40,38,1.04,0.0,0.0,00:36:43,00:37:43,42,81
Cycling,2018-06-02 08:55:39,Sausalito Cycling,58.34,"3,656",04:28:34,154,178,13.0,39.7,"3,852","3,819",0.0,60.8,0.0,04:20:31,04:57:45,-28,"1,467"
Running,2018-05-30 17:59:47,Albany Running,3.62,504,00:36:11,154,171,10:00,8:06,36,40,1.07,0.0,0.0,00:35:43,00:36:11,45,81
Running,2018-05-28 16:16:23,Contra Costa County Running,3.89,696,00:47:24,158,175,12:11,5:52,320,323,0.91,0.0,0.0,00:44:23,00:47:24,"1,254","1,525"
Running,2018-05-23 17:33:00,Albany Running,3.59,480,00:35:18,147,161,9:50,7:24,31,32,1.08,0.0,0.0,00:35:02,00:35:18,44,81
Cycling,2018-05-22 17:27:22,Berkeley Cycling,0.06,588,00:46:22,143,174,0.1,1.1,--,--,0.0,55.4,0.0,00:00:00,00:46:22,276,287
Cycling,2018-05-20 08:50:39,Berkeley Cycling,36.02,"1,819",03:05:01,143,171,11.7,40.3,"3,737","3,776",0.0,46.4,0.0,02:58:25,03:10:39,152,"1,635"
Running,2018-05-19 09:52:55,Albany Running,3.46,473,00:35:01,148,163,10:07,7:35,25,25,1.05,0.0,0.0,00:34:27,00:35:01,44,80
Cycling,2018-05-17 16:43:38,Berkeley Cycling,18.94,"1,113",01:45:26,145,173,10.8,36.7,"1,975","2,070",0.0,53.6,0.0,01:39:52,01:49:50,180,"1,660"
Running,2018-05-16 17:56:25,Albany Running,3.63,522,00:36:07,155,177,9:57,5:17,40,42,1.07,0.0,0.0,00:35:31,00:36:07,44,81
Running,2018-05-12 08:25:36,Albany Running,3.73,481,00:37:11,144,162,9:59,4:28,33,34,1.09,0.0,0.0,00:36:09,00:37:11,44,80
Cycling,2018-05-08 17:41:53,Berkeley Cycling,20.74,"1,205",01:41:59,153,176,12.2,36.0,"2,379","2,316",0.0,50.0,0.0,01:40:50,01:47:53,253,"1,617"
Cycling,2018-05-06 08:38:19,Berkeley Cycling,31.26,"1,707",02:32:59,147,171,12.3,39.3,"3,127","3,166",0.0,46.4,0.0,02:29:15,02:38:33,320,"1,822"
Running,2018-05-03 17:58:25,Albany Running,3.62,533,00:37:29,155,177,10:21,7:54,31,34,1.04,0.0,0.0,00:37:05,00:37:29,44,81
Cycling,2018-04-22 09:11:06,Berkeley Cycling,36.13,"1,865",03:08:46,141,169,11.5,37.8,"3,688","3,675",0.0,55.4,0.0,02:58:38,03:10:45,317,"1,750"
Running,2018-04-21 09:26:38,Albany Running,3.62,502,00:37:59,147,167,10:31,6:34,36,39,1.01,0.0,0.0,00:37:07,00:37:59,44,81
Cycling,2018-04-19 17:25:36,Berkeley Cycling,21.08,"1,254",01:46:50,152,178,11.8,35.3,"2,402","2,375",0.0,51.8,0.0,01:44:30,01:54:57,474,"1,826"
Running,2018-04-17 18:26:01,Albany Running,3.56,502,00:36:16,151,167,10:11,7:25,37,39,1.06,0.0,0.0,00:35:39,00:36:16,43,81
Cycling,2018-04-14 08:34:45,Berkeley Cycling,38.69,"2,212",03:18:48,149,173,11.7,38.4,"4,098","4,094",0.0,50.0,0.0,03:14:43,03:29:35,227,"1,675"
Running,2018-04-13 15:51:28,Albany Running,3.61,522,00:39:30,149,166,10:56,5:01,27,26,1.0,0.0,0.0,00:37:28,00:39:30,42,81
Running,2018-04-10 17:16:27,Albany Running,3.62,502,00:38:53,146,166,10:45,6:56,37,39,1.02,0.0,0.0,00:37:35,00:38:53,44,80
Running,2018-04-08 08:44:39,Albany Running,3.59,511,00:37:06,150,168,10:20,0:54,27,27,1.05,0.0,0.0,00:36:52,00:37:06,44,80
Cycling,2018-04-04 17:30:15,Berkeley Cycling,20.80,"1,306",01:39:40,155,179,12.5,36.0,"2,388","2,346",0.0,44.6,0.0,01:38:59,01:45:53,374,"1,742"
Running,2018-04-03 18:00:43,Albany Running,3.63,489,00:40:36,141,168,11:11,4:50,39,36,0.99,0.0,0.0,00:37:45,00:40:36,43,80
Cycling,2018-03-31 09:32:12,Sausalito Cycling,41.14,"2,249",03:34:15,145,171,11.5,36.2,"3,904","3,911",0.0,50.0,0.0,03:25:17,04:00:56,-18,"2,075"
Running,2018-03-29 17:42:46,Albany Running,3.57,543,00:42:44,145,168,11:59,7:54,38,40,0.95,0.0,0.0,00:39:15,00:42:44,42,81
Cycling,2018-03-27 18:43:17,Berkeley Cycling,0.06,689,00:46:34,154,181,0.1,1.2,--,--,0.0,55.4,0.0,00:00:00,00:46:34,349,466
Running,2018-03-25 09:00:48,Albany Running,3.51,485,00:41:48,134,150,11:55,7:55,38,41,0.95,0.0,0.0,00:39:34,00:41:48,44,81
Cycling,2018-03-24 08:37:56,Berkeley Cycling,22.35,"1,455",01:58:18,141,166,11.3,33.9,"2,323","2,349",0.0,37.4,0.0,01:54:29,02:11:53,169,"1,688"
Running,2018-03-21 17:12:38,Albany Running,3.60,549,00:44:56,143,165,12:29,7:33,34,35,0.92,0.0,0.0,00:41:15,00:44:56,44,80
Cycling,2018-03-20 17:46:41,Berkeley Cycling,0.05,623,00:45:16,143,179,0.1,1.3,--,--,0.0,53.6,0.0,00:00:00,00:45:16,314,333
Running,2018-03-18 09:58:21,Albany Running,3.52,439,00:41:17,130,154,11:43,6:57,34,36,1.0,0.0,0.0,00:40:43,00:41:17,44,81
Cycling,2018-03-17 08:57:08,Berkeley Cycling,35.94,"2,066",03:02:38,149,177,11.8,37.4,"3,770","3,825",0.0,37.4,0.0,02:57:01,03:08:43,145,"1,665"
Running,2018-03-14 18:01:31,Albany Running,4.04,489,00:48:25,131,159,12:00,2:11,41,44,0.99,0.0,0.0,00:44:30,00:48:25,44,80
Cycling,2018-03-13 18:14:09,Berkeley Cycling,0.06,669,00:46:26,157,183,0.1,1.7,--,--,0.0,53.6,0.0,00:00:00,00:46:26,262,318
Running,2018-03-11 11:06:01,San Mateo County Running,2.47,225,01:20:00,--,--,32:21,2:40,594,524,0.46,0.0,0.0,00:53:28,01:20:00,290,646
Cycling,2018-03-10 08:00:03,Berkeley Cycling,38.14,"2,173",03:08:52,147,174,12.1,41.5,"3,619","3,642",0.0,44.6,0.0,03:02:42,03:28:57,136,"1,071"
Cycling,2018-03-05 18:17:58,Berkeley Cycling,0.06,633,00:42:17,151,182,0.1,1.6,--,3,0.0,46.4,0.0,00:00:02,00:42:17,325,425
Running,2018-03-03 09:03:12,Albany Running,3.47,493,00:41:01,138,162,11:49,7:05,33,36,0.99,0.0,0.0,00:40:19,00:41:06,44,81
Cycling,2018-02-27 17:26:33,Berkeley Cycling,0.02,683,00:46:16,155,188,0.0,--,--,--,0.0,42.8,0.0,00:00:00,00:46:48,140,255
Cycling,2018-02-25 08:59:58,Berkeley Cycling,27.73,"1,538",02:14:07,146,172,12.4,35.5,"2,687","2,694",0.0,41.0,0.0,02:09:36,02:19:17,167,"1,663"
Cycling,2018-02-19 11:21:58,Berkeley Cycling,20.88,"1,347",01:44:52,152,175,11.9,35.7,"2,444","2,395",0.0,41.0,0.0,01:44:12,01:48:38,293,"1,703"
Cycling,2018-02-17 10:11:27,Berkeley Cycling,36.22,"2,275",03:06:24,149,178,11.7,38.9,"3,743","3,717",0.0,48.2,0.0,03:02:24,03:30:40,201,"1,626"
Cycling,2018-02-11 09:14:10,Berkeley Cycling,36.13,"2,167",03:02:16,149,173,11.9,40.4,"3,816","3,770",0.0,44.6,0.0,02:56:46,03:07:11,202,"1,656"
Cycling,2018-02-06 17:47:03,Berkeley Cycling,0.01,699,00:45:04,152,186,0.0,--,--,--,0.0,57.2,0.0,00:00:00,00:45:04,346,377
Cycling,2018-02-03 08:35:17,Sausalito Cycling,43.62,"2,405",03:16:46,146,180,13.3,35.5,"2,507","2,513",0.0,46.4,0.0,03:08:45,03:41:59,224,"1,258"
Cycling,2018-01-31 17:51:28,Berkeley Cycling,0.04,722,00:46:28,155,184,0.1,1.4,--,--,0.0,50.0,0.0,00:00:00,00:46:28,356,424
Cycling,2018-01-29 18:53:16,Berkeley Cycling,0.04,648,00:44:02,154,185,0.0,1.2,--,--,0.0,48.2,0.0,00:00:00,00:44:02,65,312
Cycling,2018-01-27 08:34:25,Berkeley Cycling,36.20,"2,428",03:09:48,149,176,11.4,38.4,"3,806","3,819",0.0,37.4,0.0,03:03:43,03:24:33,187,"1,661"
Cycling,2018-01-25 18:51:34,Berkeley Cycling,0.03,490,00:35:18,144,173,0.0,1.8,--,--,0.0,44.6,0.0,00:00:16,00:35:33,333,353
Cycling,2018-01-22 17:53:03,Berkeley Cycling,0.05,666,00:45:01,156,190,0.1,1.6,--,--,0.0,53.6,0.0,00:00:09,00:45:01,330,583
Cycling,2018-01-20 09:00:22,Berkeley Cycling,26.45,"1,719",02:28:41,153,185,10.7,37.7,"2,812","2,844",0.0,35.6,0.0,02:17:31,02:32:53,156,"1,663"
Running,2018-01-14 09:19:06,Contra Costa County Running,4.00,356,01:35:05,--,--,23:45,7:27,711,717,0.59,0.0,0.0,01:12:20,01:36:07,879,"1,591"
Cycling,2018-01-13 08:50:00,Berkeley Cycling,36.05,"2,015",03:16:55,147,173,11.0,38.2,"3,793","3,793",0.0,46.4,0.0,03:08:29,03:22:21,456,"1,897"
Cycling,2018-01-10 17:39:56,Berkeley Cycling,0.07,626,00:42:41,157,186,0.1,1.3,--,--,0.0,55.4,0.0,00:00:01,00:42:41,346,467
Cycling,2018-01-07 08:52:55,Berkeley Cycling,23.56,"1,323",02:05:34,146,168,11.3,36.6,"2,303","2,336",0.0,39.2,0.0,02:00:44,02:10:20,144,"1,621"
Cycling,2017-12-16 08:23:21,Berkeley Cycling,39.51,"2,175",03:33:19,147,173,11.1,39.1,"4,249","4,268",0.0,42.8,0.0,03:24:17,03:45:21,196,"1,691"
Cycling,2017-12-10 09:04:15,Berkeley Cycling,36.87,"2,304",03:13:03,146,175,11.5,38.3,"3,832","3,816",0.0,46.4,0.0,03:06:21,03:22:52,190,"1,638"
Cycling,2017-12-03 09:50:28,Sausalito Cycling,27.81,"1,645",02:21:04,149,176,11.8,36.9,"2,441","2,438",0.0,44.6,0.0,02:14:14,02:28:19,-4,"2,014"
Running,2017-11-24 10:44:36,Germantown Running,2.99,430,00:30:36,153,166,10:14,7:23,--,48,1.06,0.0,0.0,00:30:36,00:30:36,263,318
Running,2017-11-19 11:00:34,Oakland Running,2.48,375,00:28:32,145,155,11:29,7:17,186,176,0.96,0.0,0.0,00:26:23,00:28:32,"1,252","1,392"
Cycling,2017-11-18 08:53:34,Berkeley Cycling,36.11,"2,033",03:16:06,146,171,11.1,39.4,"3,806","3,793",0.0,42.8,0.0,03:07:40,03:26:10,210,"1,666"
Running,2017-11-16 17:35:10,Albany Running,3.74,496,00:38:42,143,158,10:21,6:02,25,25,1.04,0.0,0.0,00:38:18,00:38:42,44,80
Running,2017-11-12 11:02:41,Oakland Running,3.79,585,00:44:00,149,169,11:37,6:51,272,276,0.96,0.0,0.0,00:42:19,00:44:00,"1,253","1,509"
Cycling,2017-11-11 10:25:14,Berkeley Cycling,27.69,"1,580",02:26:41,148,175,11.3,36.8,"2,671","2,644",0.0,48.2,0.0,02:15:29,02:48:19,307,"1,741"
Running,2017-11-04 09:17:57,Albany Running,4.02,487,00:39:35,146,166,9:50,2:08,39,62,1.08,0.0,0.0,00:36:56,00:39:35,43,81
Cycling,2017-11-01 17:07:42,Berkeley Cycling,20.54,"1,297",01:43:28,155,172,11.9,34.9,"2,365","2,277",0.0,46.4,0.0,01:42:54,01:48:10,283,"1,639"
Running,2017-10-26 17:49:42,Albany Running,3.77,542,00:38:15,157,186,10:08,6:03,35,29,1.06,0.0,0.0,00:36:17,00:38:15,43,80
Running,2017-10-17 11:45:39,Albany Running,3.59,534,00:38:56,155,173,10:51,5:46,27,28,1.02,0.0,0.0,00:37:43,00:38:56,42,80
Running,2017-10-14 11:49:40,Albany Running,3.48,499,00:34:55,157,175,10:01,7:25,27,29,1.08,0.0,0.0,00:34:32,00:34:55,43,81
Running,2017-10-10 18:06:39,Albany Running,3.77,517,00:37:19,152,168,9:54,7:03,37,36,1.08,0.0,0.0,00:36:54,00:37:19,43,80
Cycling,2017-10-08 09:03:17,Sausalito Cycling,38.32,"1,947",02:48:34,148,177,13.6,33.8,"2,034","2,018",0.0,53.6,0.0,02:39:21,03:10:02,-6,576
Running,2017-10-07 11:21:05,Oakland Running,2.68,427,00:34:42,141,166,12:56,2:53,335,320,0.88,0.0,0.0,00:33:37,00:34:42,"1,210","1,528"
Cycling,2017-10-04 17:02:54,Berkeley Cycling,19.45,"1,348",01:39:12,155,174,11.8,34.7,"2,310","2,260",0.0,55.4,0.0,01:38:19,01:44:18,280,"1,614"
Running,2017-10-03 17:26:50,Albany Running,3.53,528,00:35:21,160,176,10:01,1:28,37,40,1.05,0.0,0.0,00:34:17,00:35:21,42,80
Cycling,2017-09-27 17:41:24,Berkeley Cycling,12.86,972,01:15:03,153,174,10.3,34.1,"1,594","1,575",0.0,60.8,0.0,01:09:44,01:17:00,280,"1,586"
Running,2017-09-25 18:25:21,Albany Running,3.89,545,00:37:27,156,174,9:38,2:29,42,40,1.09,0.0,0.0,00:36:54,00:37:27,43,82
Running,2017-09-22 10:58:44,Richmond Running,3.19,566,00:41:36,149,177,13:02,0:41,186,186,0.88,0.0,0.0,00:36:20,00:41:36,20,180
Running,2017-09-16 12:17:57,Albany Running,3.80,540,00:37:09,156,171,9:47,7:10,35,36,1.09,0.0,0.0,00:36:48,00:37:09,44,80
Cycling,2017-09-14 17:42:58,Berkeley Cycling,20.78,"1,325",01:37:53,157,177,12.7,35.6,"2,356","2,313",0.0,50.0,0.0,01:37:29,01:47:42,269,"1,621"
Running,2017-09-10 11:17:36,Albany Running,3.47,502,00:36:33,151,175,10:31,6:37,37,38,1.04,0.0,0.0,00:34:15,00:36:33,44,81
Cycling,2017-09-09 08:14:28,Berkeley Cycling,39.28,"2,017",03:18:35,144,175,11.9,38.6,"4,022","4,052",0.0,53.6,0.0,03:12:06,03:23:51,118,"1,570"
Cycling,2017-09-06 17:44:07,Berkeley Cycling,20.79,"1,332",01:41:27,157,175,12.3,37.9,"2,320","2,290",0.0,53.6,0.0,01:40:37,01:53:20,278,"1,618"
Running,2017-08-24 18:13:01,Oakland Running,3.02,473,00:34:57,148,164,11:35,7:33,273,270,0.95,0.0,0.0,00:32:59,00:34:57,"1,254","1,507"
Cycling,2017-08-22 17:59:53,Berkeley Cycling,79.01,"4,477",06:26:20,150,178,12.3,40.8,"6,762","6,739",0.0,53.6,0.0,05:59:00,91:18:16,-49,"1,946"
Running,2017-08-20 13:16:37,Albany Running,3.44,457,00:33:32,147,161,9:45,7:36,37,40,1.07,0.0,0.0,00:32:20,00:33:32,43,80
Cycling,2017-08-19 10:00:25,Berkeley Cycling,39.44,"2,044",03:19:14,144,173,11.9,38.1,"4,065","4,075",0.0,51.8,0.0,03:11:18,03:30:13,253,"1,712"
Running,2017-08-15 18:30:48,Oakland Running,3.77,574,00:44:33,144,162,11:49,7:30,322,327,0.95,0.0,0.0,00:42:55,00:44:33,"1,264","1,509"
Cycling,2017-08-13 08:24:38,Berkeley Cycling,38.11,"1,848",03:04:38,142,175,12.4,36.7,"3,796","3,832",0.0,50.0,0.0,02:59:13,03:09:09,127,"1,595"
Running,2017-08-12 10:00:28,Oakland Running,3.87,603,00:42:30,151,168,10:59,5:58,255,259,0.98,0.0,0.0,00:41:26,00:42:30,"1,256","1,511"
Running,2017-08-08 18:22:00,Albany Running,3.74,494,00:35:26,149,163,9:28,4:30,27,28,1.1,0.0,0.0,00:35:19,00:35:26,43,80
Cycling,2017-08-06 09:04:44,Berkeley Cycling,39.45,"2,143",03:10:09,145,174,12.4,38.3,"4,052","4,091",0.0,51.8,0.0,03:04:29,03:17:21,274,"1,751"
Running,2017-08-01 18:15:50,Oakland Running,4.02,703,00:56:44,146,169,14:07,2:40,363,362,0.79,0.0,0.0,00:46:36,00:56:47,"1,245","1,511"
Cycling,2017-07-30 08:30:01,Berkeley Cycling,39.34,"2,153",03:17:17,144,172,12.0,36.6,"3,993","4,032",0.0,48.2,0.0,03:06:52,03:22:18,370,"1,841"
Cycling,2017-07-27 17:43:36,Berkeley Cycling,20.82,"1,331",01:39:27,152,172,12.6,36.8,"2,287","2,247",0.0,59.0,0.0,01:38:42,01:43:08,276,"1,604"
Running,2017-07-25 18:18:45,Oakland Running,3.50,568,00:39:17,152,163,11:14,3:25,364,366,0.95,0.0,0.0,00:37:09,00:39:17,"1,250","1,512"
Cycling,2017-07-22 09:50:24,Sausalito Cycling,33.58,"1,984",02:46:02,149,178,12.1,36.0,"2,943","2,923",0.0,62.6,0.0,02:42:16,02:56:13,24,"1,949"
Cycling,2017-07-20 11:59:39,Berkeley Cycling,20.80,"1,510",01:36:33,158,177,12.9,35.0,"2,333","2,234",0.0,60.8,0.0,01:36:24,01:49:29,306,"1,787"
Running,2017-07-17 18:13:14,Albany Running,3.45,468,00:32:03,152,166,9:17,6:18,23,23,1.13,0.0,0.0,00:31:40,00:32:03,44,80
Cycling,2017-07-16 09:16:41,Berkeley Cycling,39.38,"2,026",03:17:07,140,172,12.0,37.0,"3,855","3,865",0.0,64.4,0.0,00:00:00,03:25:09,190,"1,596"
Cycling,2017-07-13 17:39:14,Berkeley Cycling,20.80,"1,402",01:41:26,154,172,12.3,37.8,"2,336","2,297",0.0,55.4,0.0,00:00:00,01:42:56,274,"1,627"
Running,2017-07-12 17:46:11,Albany Running,3.78,514,00:35:25,152,165,9:22,7:32,37,41,1.1,0.0,0.0,00:00:00,00:35:25,44,81
Running,2017-07-10 17:13:36,Albany Running,4.01,520,00:36:12,152,166,9:02,0:37,48,44,1.17,0.0,0.0,00:00:00,00:36:18,42,75
Cycling,2017-07-08 09:30:36,Berkeley Cycling,36.22,"2,216",03:09:45,150,178,11.5,37.2,"3,550","3,576",0.0,64.4,0.0,00:00:00,03:21:07,163,"1,578"
Cycling,2017-07-06 17:48:07,Berkeley Cycling,20.80,"1,384",01:39:20,157,174,12.6,36.1,"2,297","2,257",0.0,59.0,0.0,00:00:00,01:41:36,369,"1,684"
Running,2017-07-04 09:09:09,Albany Running,3.49,476,00:32:49,152,171,9:25,7:10,39,44,1.11,0.0,0.0,00:00:00,00:32:49,46,82
Cycling,2017-07-01 07:50:04,Davis Cycling,56.17,"2,959",03:36:37,147,181,15.6,34.5,"1,325","1,358",0.0,57.2,0.0,00:00:00,03:51:00,3,764
Running,2017-06-28 19:05:35,Albany Running,3.42,461,00:33:01,148,165,9:39,5:35,31,36,1.09,0.0,0.0,00:00:00,00:33:01,44,80
Cycling,2017-06-25 09:10:19,Berkeley Cycling,31.09,"1,677",02:27:52,141,163,12.6,35.0,"2,723","2,772",0.0,50.0,0.0,00:00:00,02:33:11,148,"1,641"
Running,2017-06-24 12:52:36,Albany Running,3.70,502,00:36:00,147,164,9:44,7:01,40,46,1.09,0.0,0.0,00:00:00,00:36:00,44,80
Running,2017-06-22 18:00:51,Albany Running,3.75,512,00:35:37,151,166,9:30,7:22,37,35,1.11,0.0,0.0,00:00:00,00:35:37,44,81
Cycling,2017-06-20 17:47:35,Berkeley Cycling,20.84,"1,326",01:42:57,148,168,12.1,36.7,"2,339","2,300",0.0,59.0,0.0,00:00:00,01:44:48,241,"1,583"
Running,2017-06-19 17:16:49,Albany Running,3.35,454,00:32:08,149,162,9:35,7:25,39,45,1.09,0.0,0.0,00:00:00,00:32:08,44,80
Cycling,2017-06-17 08:19:17,San Francisco Cycling,54.22,"3,803",04:56:18,146,173,11.0,36.1,"4,409","4,367",0.0,53.6,0.0,00:00:00,05:23:13,-5,"1,995"
Cycling,2017-06-15 17:57:22,Berkeley Cycling,20.22,"1,348",01:36:27,152,168,12.6,37.2,"2,192","2,306",0.0,60.8,0.0,00:00:00,01:37:32,177,"1,589"
Cycling,2017-06-12 17:08:00,Berkeley Cycling,20.78,"1,377",01:36:51,155,173,12.9,36.2,"2,392","2,329",0.0,53.6,0.0,00:00:00,01:51:22,247,"1,617"
Cycling,2017-06-07 17:32:55,Berkeley Cycling,20.79,"1,316",01:37:56,151,171,12.7,36.6,"2,388","2,349",0.0,46.4,0.0,00:00:00,01:42:53,245,"1,624"
Cycling,2017-06-03 09:11:25,Berkeley Cycling,39.66,"2,110",03:24:32,144,166,11.6,35.0,"4,104","4,121",0.0,53.6,0.0,00:00:00,03:27:49,163,"1,638"
Cycling,2017-05-29 09:01:55,Sausalito Cycling,34.92,"2,192",03:06:40,143,170,11.2,35.4,"3,189","3,179",0.0,51.8,0.0,00:00:00,03:18:46,-12,722
Cycling,2017-05-25 17:17:42,Berkeley Cycling,27.89,"1,647",02:09:28,152,169,12.9,37.5,"2,461","2,451",0.0,48.2,0.0,00:00:00,02:13:38,172,"1,111"
Cycling,2017-05-23 16:58:31,Berkeley Cycling,20.82,"1,421",01:43:34,155,177,12.1,36.0,"2,346","2,329",0.0,48.2,0.0,00:00:00,02:07:20,299,"1,665"
Cycling,2017-05-13 08:46:57,Berkeley Cycling,39.35,"2,360",03:11:12,148,170,12.3,37.6,"4,078","4,108",0.0,46.4,0.0,00:00:00,03:39:33,48,"1,708"
Cycling,2017-05-06 09:08:23,Berkeley Cycling,39.37,"2,113",03:11:39,146,173,12.3,36.9,"4,144","4,154",0.0,46.4,0.0,00:00:00,03:27:31,225,"1,709"
Cycling,2017-05-03 17:20:33,Berkeley Cycling,20.83,"1,290",01:43:01,155,175,12.1,35.7,"2,283","2,241",0.0,60.8,0.0,00:00:00,01:49:01,296,"1,606"
Cycling,2017-04-30 08:36:34,San Francisco Cycling,23.97,"1,326",02:13:59,138,170,10.7,33.5,"1,699","1,732",0.0,51.8,0.0,00:00:00,02:39:06,1,766
Cycling,2017-04-27 16:25:37,Berkeley Cycling,20.79,"1,348",01:46:35,150,168,11.7,34.1,"2,359","2,326",0.0,55.4,0.0,00:00:00,01:47:00,274,"1,620"
Cycling,2017-04-23 11:41:06,Guerneville Cycling,19.11,632,01:21:46,116,143,14.0,20.5,344,344,0.0,60.8,0.0,00:00:00,01:25:24,-22,55
Cycling,2017-04-22 08:55:40,Berkeley Cycling,32.44,"1,723",02:42:15,138,162,12.0,35.1,"3,051","3,169",0.0,50.0,0.0,00:00:00,03:05:08,53,"1,678"
Cycling,2017-04-20 16:19:00,Berkeley Cycling,20.78,"1,413",01:40:43,154,173,12.4,33.4,"2,359","2,320",0.0,55.4,0.0,00:00:00,01:44:49,310,"1,660"
Cycling,2017-04-15 08:55:53,Berkeley Cycling,39.37,"2,267",03:13:39,146,171,12.2,34.1,"4,117","4,111",0.0,46.4,0.0,00:00:00,03:20:21,213,"1,679"
Cycling,2017-04-02 09:27:47,Sausalito Cycling,30.66,"1,753",02:27:25,145,168,12.5,33.4,"2,703","2,700",0.0,50.0,0.0,00:00:00,02:32:50,-22,"1,948"
Cycling,2017-04-01 08:47:48,Berkeley Cycling,20.17,"1,192",01:51:15,142,168,10.9,34.1,"2,192","2,224",0.0,55.4,0.0,00:00:00,01:59:14,178,"1,648"
Cycling,2017-03-30 17:28:06,Berkeley Cycling,20.81,"1,343",01:37:08,154,172,12.9,34.9,"2,375","2,339",0.0,46.4,0.0,00:00:00,01:42:35,275,"1,638"
Cycling,2017-03-25 08:25:30,Berkeley Cycling,37.44,"2,046",03:06:47,146,176,12.0,34.1,"3,871","4,062",0.0,42.8,0.0,00:00:00,03:15:33,159,"1,677"
Cycling,2017-03-23 16:21:16,Berkeley Cycling,20.80,"1,260",01:40:42,150,168,12.4,33.4,"2,405","2,385",0.0,42.8,0.0,00:00:00,01:45:20,268,"1,653"
Cycling,2017-03-21 17:05:42,Berkeley Cycling,20.79,"1,386",01:45:43,156,169,11.8,36.3,"2,385","2,375",0.0,48.2,0.0,00:00:00,01:47:38,280,"1,659"
Cycling,2017-03-19 08:59:13,Sausalito Cycling,30.82,"1,611",02:19:57,145,170,13.2,33.4,"1,421","1,427",0.0,50.0,0.0,00:00:00,02:21:06,--,338
Cycling,2017-03-11 08:41:47,Berkeley Cycling,35.91,"2,199",03:12:16,148,175,11.2,40.3,"4,055","4,085",0.0,51.8,0.0,00:00:00,03:19:49,186,"1,081"
Cycling,2017-03-02 16:18:17,Berkeley Cycling,20.90,"1,382",01:45:00,151,170,11.9,34.1,"2,372","2,336",0.0,50.0,0.0,00:00:00,01:45:00,283,"1,648"
Cycling,2017-02-22 16:01:19,Berkeley Cycling,20.82,"1,500",01:46:02,153,173,11.8,36.9,"2,415","2,382",0.0,37.4,0.0,00:00:00,01:46:02,259,"1,657"
Cycling,2017-02-18 11:34:51,Berkeley Cycling,27.62,"1,628",02:17:39,148,171,12.0,33.8,"2,828","2,769",0.0,42.8,0.0,00:00:00,02:17:39,301,"1,680"
Cycling,2017-02-15 16:35:20,Berkeley Cycling,13.86,"1,027",01:12:08,154,172,11.5,34.5,"1,660","1,627",0.0,51.8,0.0,00:00:00,01:12:08,279,"1,636"
Cycling,2017-02-04 11:49:08,Petaluma Cycling,37.94,"2,533",02:58:55,157,177,12.7,41.2,"2,904","2,825",0.0,51.8,0.0,00:00:00,02:58:55,14,791
Cycling,2017-01-29 10:07:36,Berkeley Cycling,31.27,"1,826",02:35:55,148,174,12.0,33.0,"3,179","3,127",0.0,46.4,0.0,00:00:00,02:39:58,240,"1,709"
Cycling,2017-01-26 15:53:33,Berkeley Cycling,18.90,"1,290",01:45:08,154,172,10.8,35.1,"2,277","2,293",0.0,39.2,0.0,00:00:00,01:45:08,175,"1,665"
Cycling,2017-01-24 16:10:18,Berkeley Cycling,15.09,986,01:20:07,152,172,11.3,33.1,"1,699","1,841",0.0,35.6,0.0,00:00:00,01:20:07,154,"1,657"
Cycling,2017-01-17 11:29:06,Santa Rosa Cycling,29.12,"1,481",02:05:35,148,166,13.9,30.4,955,873,0.0,39.2,0.0,00:00:00,02:05:35,161,564
Cycling,2017-01-15 10:42:59,Sausalito Cycling,27.41,"1,437",02:14:04,145,172,12.3,28.1,"1,096","1,066",0.0,37.4,0.0,00:00:00,02:14:04,63,403
Cycling,2017-01-14 10:05:21,Berkeley Cycling,22.93,"1,394",01:59:42,151,170,11.5,34.1,"2,572","2,546",0.0,42.8,0.0,00:00:00,01:59:42,224,"1,700"
Cycling,2017-01-09 14:05:18,Oakland Cycling,4.94,371,00:24:54,--,--,11.9,27.4,302,299,0.0,50.0,0.0,00:00:00,00:24:54,117,375
Cycling,2016-06-11 08:33:45,Berkeley Cycling,34.82,"1,614",02:53:40,146,172,12.0,32.3,"3,691","3,698",0.0,53.6,0.0,00:00:00,00:00:00,200,"1,656"
Cycling,2016-06-07 17:07:16,Berkeley Cycling,23.14,"1,110",01:50:27,148,170,12.6,33.8,"2,694","2,694",0.0,50.0,0.0,00:00:00,00:00:00,196,"1,668"
Cycling,2016-06-05 11:18:59,Sausalito Cycling,26.57,871,02:11:33,123,168,12.1,26.2,"1,217","1,194",0.0,59.0,0.0,00:00:00,00:00:00,-1,335
Cycling,2016-06-04 08:37:40,Berkeley Cycling,38.34,"1,704",02:57:16,147,175,13.0,42.4,"3,707","3,740",0.0,57.2,0.0,00:00:00,00:00:00,170,"1,096"
Cycling,2016-05-28 08:45:47,Berkeley Cycling,34.96,"1,629",02:40:10,148,175,13.1,40.7,"3,363","3,360",0.0,53.6,0.0,00:00:00,00:00:00,194,"1,055"
Cycling,2016-05-27 10:58:41,Berkeley Cycling,19.69,"1,069",01:37:55,152,173,12.1,31.5,"2,362","2,349",0.0,64.4,0.0,00:00:00,00:00:00,328,"1,675"
Cycling,2016-05-22 09:14:35,Sausalito Cycling,28.06,"1,241",02:03:52,139,169,13.6,28.5,"1,352","1,352",0.0,51.8,0.0,00:00:00,00:00:00,-228,324
Cycling,2016-05-21 08:04:39,Martinez Cycling,37.35,"1,809",03:01:19,141,172,12.4,41.2,"3,881","3,862",0.0,50.0,0.0,00:00:00,00:00:00,31,977
Cycling,2016-05-19 11:21:32,Berkeley Cycling,16.60,908,01:29:56,144,168,11.1,32.7,"2,156","2,136",0.0,55.4,0.0,00:00:00,00:00:00,226,"1,661"
Cycling,2016-05-14 08:40:54,San Francisco Cycling,35.49,"1,595",02:39:29,148,177,13.4,33.7,"2,726","2,740",0.0,50.0,0.0,00:00:00,00:00:00,-45,698
Cycling,2016-05-12 11:20:18,Berkeley Cycling,23.44,"1,180",01:45:23,151,174,13.3,31.0,"2,152","2,142",0.0,51.8,0.0,00:00:00,00:00:00,268,"1,027"
Cycling,2016-05-08 11:37:20,Sausalito Cycling,27.21,892,02:21:26,121,157,11.5,24.1,"1,211","1,191",0.0,55.4,0.0,00:00:00,00:00:00,-17,311
Cycling,2016-05-01 08:32:41,Sausalito Cycling,29.85,"1,147",02:04:07,141,170,14.4,31.1,"1,325","1,332",0.0,57.2,0.0,00:00:00,00:00:00,36,364
Cycling,2016-04-30 07:53:04,Berkeley Cycling,38.12,"1,679",03:01:46,145,176,12.6,38.4,"3,957","3,924",0.0,50.0,0.0,00:00:00,00:00:00,247,"1,198"
Cycling,2016-04-28 11:49:37,Santa Rosa Cycling,32.66,"1,438",02:05:07,151,166,15.7,28.1,"1,293","1,266",0.0,66.2,0.0,00:00:00,00:00:00,185,536
Cycling,2016-04-25 15:48:43,Berkeley Cycling,23.17,"1,137",01:44:27,150,172,13.3,33.4,"2,175","2,201",0.0,53.6,0.0,00:00:00,00:00:00,289,"1,092"
Cycling,2016-04-23 08:22:02,Berkeley Cycling,34.84,"1,667",02:37:09,150,173,13.3,37.4,"3,530","3,543",0.0,44.6,0.0,00:00:00,00:00:00,160,"1,061"
Cycling,2016-04-21 15:59:31,Berkeley Cycling,21.65,994,01:43:10,144,172,12.6,33.6,"1,969","1,969",0.0,53.6,0.0,00:00:00,00:00:00,7,"1,095"
Cycling,2016-04-16 10:48:22,Berkeley Cycling,22.50,"1,133",01:54:29,144,175,11.8,35.4,"2,779","2,766",0.0,53.6,0.0,00:00:00,00:00:00,140,"1,026"
Cycling,2016-04-14 16:01:16,Berkeley Cycling,26.79,"1,269",02:07:14,145,171,12.6,34.1,"2,595","2,595",0.0,48.2,0.0,00:00:00,00:00:00,147,"1,085"
Cycling,2016-04-12 16:12:53,Berkeley Cycling,23.16,"1,164",01:54:48,150,175,12.1,34.2,"2,743","2,736",0.0,46.4,0.0,00:00:00,00:00:00,209,"1,769"
Cycling,2016-04-07 16:27:01,Berkeley Cycling,26.99,"1,290",02:05:21,148,175,12.9,33.1,"2,651","2,635",0.0,50.0,0.0,00:00:00,00:00:00,186,"1,125"
Cycling,2016-04-03 09:35:59,Sausalito Cycling,28.64,"1,073",02:11:17,135,163,13.1,32.3,"1,480","1,486",0.0,48.2,0.0,00:00:00,00:00:00,-9,326
Cycling,2016-04-02 08:59:47,Berkeley Cycling,38.04,"1,787",03:01:59,147,180,12.5,36.3,"3,875","3,862",0.0,42.8,0.0,00:00:00,00:00:00,-61,"1,119"
Cycling,2016-03-20 09:42:10,Sausalito Cycling,28.54,"1,103",02:18:01,133,158,12.4,27.0,978,981,0.0,50.0,0.0,00:00:00,00:00:00,-31,165
Cycling,2016-03-19 08:15:19,Berkeley Cycling,34.72,"1,601",02:50:31,144,174,12.2,34.8,"3,573","3,593",0.0,44.6,0.0,00:00:00,00:00:00,154,"1,106"
Cycling,2016-03-15 11:07:35,Berkeley Cycling,26.57,"1,444",02:03:47,156,183,12.9,33.5,"2,546","2,507",0.0,44.6,0.0,00:00:00,00:00:00,79,"1,035"
Cycling,2016-03-02 11:04:30,Berkeley Cycling,26.53,"1,480",02:08:08,155,182,12.4,33.2,"2,621","2,605",0.0,51.8,0.0,00:00:00,00:00:00,183,"1,111"
Cycling,2016-02-28 06:32:52,Sausalito Cycling,31.46,"1,567",02:59:39,140,167,10.5,31.2,"3,012","3,048",0.0,39.2,0.0,00:00:00,00:00:00,13,"1,995"
Cycling,2016-02-26 14:16:46,Berkeley Cycling,26.80,"1,324",02:14:10,146,176,12.0,32.6,"2,638","2,644",0.0,48.2,0.0,00:00:00,00:00:00,186,"1,129"
Cycling,2016-02-21 09:14:03,Berkeley Cycling,44.24,"1,896",03:33:50,145,181,12.4,31.7,"3,281","3,274",0.0,42.8,0.0,00:00:00,00:00:00,82,"1,093"
Cycling,2016-02-15 09:22:19,Berkeley Cycling,20.71,"1,076",01:50:21,146,185,11.3,29.5,"2,195","2,175",0.0,57.2,0.0,00:00:00,00:00:00,238,"1,035"
Cycling,2016-02-14 10:24:06,Berkeley Cycling,30.49,"1,525",02:26:21,150,184,12.5,32.4,"2,684","2,612",0.0,51.8,0.0,00:00:00,00:00:00,180,"1,132"
Cycling,2016-02-09 11:02:10,Berkeley Cycling,14.67,568,01:09:21,130,161,12.7,25.1,361,581,0.0,59.0,0.0,00:00:00,00:00:00,16,338
Cycling,2016-02-06 08:40:03,Berkeley Cycling,34.83,"1,755",02:58:33,147,180,11.7,34.3,"3,589","3,576",0.0,44.6,0.0,00:00:00,00:00:00,137,"1,105"
Cycling,2016-02-04 11:24:16,Berkeley Cycling,25.21,"1,438",02:02:50,157,185,12.3,35.2,"2,520","2,470",0.0,44.6,0.0,00:00:00,00:00:00,219,"1,198"
Cycling,2016-01-31 11:35:11,Berkeley Cycling,27.36,"1,410",02:20:05,147,180,11.7,32.0,"2,490","2,428",0.0,41.0,0.0,00:00:00,00:00:00,199,"1,115"
Cycling,2015-12-20 14:06:25,Chicago Cycling,28.56,"1,185",01:52:45,144,160,15.2,25.0,"1,109","1,089",0.0,42.8,0.0,00:00:00,00:00:00,583,637
Cycling,2015-12-15 10:15:49,Chicago Cycling,20.74,958,01:24:30,149,168,14.7,23.0,236,207,0.0,33.8,0.0,00:00:00,00:00:00,602,655
Cycling,2015-12-12 07:38:11,Chicago Cycling,48.62,"1,711",03:14:52,143,181,15.0,29.6,692,745,0.0,37.4,0.0,00:00:00,00:00:00,554,686
Cycling,2015-12-10 11:15:53,Chicago Cycling,26.44,"1,261",01:47:34,155,176,14.8,24.4,"1,220","1,194",0.0,51.8,0.0,00:00:00,00:00:00,582,652
Cycling,2015-12-05 07:46:50,Chicago Cycling,48.70,"2,252",03:12:51,156,186,15.2,29.7,886,843,0.0,26.6,0.0,00:00:00,00:00:00,608,743
Cycling,2015-11-16 11:05:35,Chicago Cycling,26.58,"1,305",01:48:01,157,178,14.8,28.0,512,472,0.0,48.2,0.0,00:00:00,00:00:00,599,661
Cycling,2015-11-07 07:40:30,Chicago Cycling,48.65,"1,898",03:11:23,146,186,15.3,31.4,981,997,0.0,37.4,0.0,00:00:00,00:00:00,591,717
Cycling,2015-11-05 10:41:00,Chicago Cycling,24.00,"1,108",01:34:22,152,170,15.3,22.3,751,699,0.0,62.6,0.0,00:00:00,00:00:00,597,673
Cycling,2015-11-03 11:11:36,Chicago Cycling,36.86,"1,595",02:27:34,151,181,15.0,26.0,679,633,0.0,55.4,0.0,00:00:00,00:00:00,593,665
Cycling,2015-11-01 13:15:40,Chicago Cycling,37.72,"1,321",02:21:28,143,177,16.0,24.9,774,778,0.0,57.2,0.0,00:00:00,00:00:00,588,623
Cycling,2015-10-27 10:02:20,Chicago Cycling,22.28,"1,025",01:27:18,153,173,15.3,26.8,495,456,0.0,48.2,0.0,00:00:00,00:00:00,598,658
Cycling,2015-10-24 07:37:55,Chicago Cycling,43.19,"1,789",02:48:22,148,184,15.4,31.0,584,387,0.0,55.4,0.0,00:00:00,00:00:00,588,902
Cycling,2015-10-22 12:24:38,Chicago Cycling,26.20,"1,167",01:37:20,155,171,16.2,24.1,400,390,0.0,51.8,0.0,00:00:00,00:00:00,594,636
Cycling,2015-10-20 11:26:34,Chicago Cycling,26.21,"1,286",01:39:41,160,176,15.8,22.3,528,509,0.0,59.0,0.0,00:00:00,00:00:00,591,640
Cycling,2015-10-17 07:44:20,Chicago Cycling,49.09,"2,066",03:37:29,146,183,13.5,28.5,761,804,0.0,32.0,0.0,00:00:00,00:00:00,558,677
Cycling,2015-10-15 11:04:34,Chicago Cycling,26.25,"1,248",01:40:20,159,183,15.7,23.3,518,492,0.0,53.6,0.0,00:00:00,00:00:00,600,650
Cycling,2015-10-11 11:48:03,Chicago Cycling,28.69,"1,328",02:02:24,148,177,14.1,21.8,679,610,0.0,64.4,0.0,00:00:00,00:00:00,605,727
Cycling,2015-09-27 07:13:11,Three Oaks Cycling,99.84,"4,063",05:45:47,155,182,17.3,34.8,"4,275","4,213",0.0,60.8,0.0,00:00:00,00:00:00,448,875
Cycling,2015-09-24 10:20:32,Chicago Cycling,32.92,"1,544",02:06:59,155,178,15.6,21.7,472,466,0.0,62.6,0.0,00:00:00,00:00:00,591,629
Cycling,2015-09-21 10:58:36,Chicago Cycling,26.44,"1,180",01:42:00,149,168,15.6,24.5,404,387,0.0,60.8,0.0,00:00:00,00:00:00,299,350
Cycling,2015-09-19 09:41:53,Chicago Cycling,42.10,"1,687",02:47:44,145,176,15.1,27.9,899,955,0.0,55.4,0.0,00:00:00,00:00:00,556,658
Cycling,2015-09-13 06:46:43,Chicago Cycling,45.10,"1,953",02:49:42,146,187,15.9,30.0,866,846,0.0,46.4,0.0,00:00:00,00:00:00,407,621
Cycling,2015-09-10 11:08:45,Chicago Cycling,26.60,"1,172",01:40:07,150,174,15.9,22.6,354,348,0.0,66.2,0.0,00:00:00,00:00:00,593,642
Cycling,2015-09-07 12:48:05,Chicago Cycling,37.78,"1,495",02:32:25,144,176,14.9,24.8,591,551,0.0,71.6,0.0,00:00:00,00:00:00,587,648
Cycling,2015-09-05 06:41:10,Chicago Cycling,49.40,"2,045",03:06:50,147,192,15.9,29.1,679,719,0.0,64.4,0.0,00:00:00,00:00:00,507,630
Cycling,2015-08-26 11:21:18,Chicago Cycling,26.38,"1,158",01:43:45,148,177,15.3,23.8,410,404,0.0,57.2,0.0,00:00:00,00:00:00,577,615
Cycling,2015-08-22 06:44:11,Chicago Cycling,49.27,"2,210",03:10:11,151,186,15.5,29.0,896,902,0.0,59.0,0.0,00:00:00,00:00:00,627,740
Cycling,2015-08-20 11:02:15,Chicago Cycling,26.29,"1,176",01:46:58,145,174,14.7,26.9,801,823,0.0,60.8,0.0,00:00:00,00:00:00,552,601
Cycling,2015-08-15 06:41:20,Chicago Cycling,48.74,"1,974",03:24:04,146,184,14.3,30.2,906,906,0.0,64.4,0.0,00:00:00,00:00:00,597,725
Cycling,2015-08-13 10:41:45,Chicago Cycling,28.59,"1,355",02:02:46,147,166,14.0,23.7,636,610,0.0,80.6,0.0,00:00:00,00:00:00,616,665
Cycling,2015-08-11 11:08:42,Chicago Cycling,26.27,"1,257",01:54:01,149,176,13.8,25.2,456,459,0.0,71.6,0.0,00:00:00,00:00:00,545,584
Cycling,2015-08-06 11:37:48,Chicago Cycling,26.09,"1,147",01:47:04,144,167,14.6,22.8,433,440,0.0,68.0,0.0,00:00:00,00:00:00,484,524
Cycling,2015-08-04 11:54:03,Chicago Cycling,27.11,"1,121",01:53:26,141,162,14.3,23.5,499,495,0.0,73.4,0.0,00:00:00,00:00:00,688,726
Cycling,2015-08-01 07:24:09,Chicago Cycling,41.92,"1,896",02:56:41,145,188,14.2,29.4,817,810,0.0,64.4,0.0,00:00:00,00:00:00,648,755
Cycling,2015-07-30 10:26:37,Chicago Cycling,22.33,959,01:34:10,140,159,14.2,26.0,367,374,0.0,75.2,0.0,00:00:00,00:00:00,612,652
Cycling,2015-07-28 11:20:11,Chicago Cycling,28.88,"1,268",02:02:33,145,182,14.1,27.6,479,463,0.0,73.4,0.0,00:00:00,00:00:00,579,654
Cycling,2015-07-25 06:47:45,Chicago Cycling,57.06,"2,161",03:59:00,141,182,14.3,31.2,"1,027","1,030",0.0,69.8,0.0,00:00:00,00:00:00,608,750
Cycling,2015-07-23 11:12:45,Chicago Cycling,26.56,"1,226",01:50:09,149,185,14.5,26.7,413,417,0.0,73.4,0.0,00:00:00,00:00:00,568,604
Cycling,2015-07-21 11:14:06,Chicago Cycling,21.74,929,01:34:04,140,177,13.9,27.0,308,299,0.0,68.0,0.0,00:00:00,00:00:00,536,581
Cycling,2015-07-18 06:43:38,Chicago Cycling,49.04,"2,140",03:43:21,143,189,13.2,28.3,876,912,0.0,69.8,0.0,00:00:00,00:00:00,564,694
Cycling,2015-07-14 11:03:18,Chicago Cycling,28.50,"1,326",01:51:51,151,182,15.3,26.5,509,535,0.0,66.2,0.0,00:00:00,00:00:00,636,702
Cycling,2015-07-11 06:41:08,Chicago Cycling,49.64,"2,150",03:29:22,145,189,14.2,29.5,764,768,0.0,62.6,0.0,00:00:00,00:00:00,581,707
Cycling,2015-07-09 11:30:16,Chicago Cycling,22.59,"1,060",01:30:08,149,180,15.0,27.4,358,377,0.0,60.8,0.0,00:00:00,00:00:00,588,639
Cycling,2015-07-06 11:45:53,Chicago Cycling,26.31,"1,407",02:01:41,151,177,13.0,25.2,679,630,0.0,71.6,0.0,00:00:00,00:00:00,560,627
Cycling,2015-07-02 12:10:21,Evanston Cycling,40.24,"1,621",02:27:27,149,180,16.4,26.3,"1,030","1,017",0.0,57.2,0.0,00:00:00,00:00:00,569,694
Cycling,2015-06-27 06:40:38,Chicago Cycling,46.84,"1,998",03:17:23,145,182,14.2,29.5,876,902,0.0,53.6,0.0,00:00:00,00:00:00,572,688
Cycling,2015-06-20 06:47:49,Chicago Cycling,49.40,"2,028",03:43:42,142,183,13.2,28.8,696,725,0.0,53.6,0.0,00:00:00,00:00:00,598,714
Cycling,2015-06-13 06:42:14,Chicago Cycling,49.21,"2,011",03:29:52,139,186,14.1,28.7,758,764,0.0,51.8,0.0,00:00:00,00:00:00,507,607
Cycling,2015-06-07 09:08:46,Union Cycling,40.82,"1,588",02:44:45,141,170,14.9,31.2,"1,004","1,001",0.0,59.0,0.0,00:00:00,00:00:00,798,"1,063"
Cycling,2015-06-06 06:46:08,Chicago Cycling,48.27,"2,019",03:27:19,144,181,14.0,30.6,997,"1,001",0.0,46.4,0.0,00:00:00,00:00:00,564,672
Cycling,2015-06-04 11:35:46,Chicago Cycling,27.42,"1,345",02:09:08,144,176,12.7,24.3,509,479,0.0,66.2,0.0,00:00:00,00:00:00,648,703
Cycling,2015-06-02 12:24:03,Chicago Cycling,27.28,"1,186",01:58:50,143,172,13.8,22.6,456,423,0.0,53.6,0.0,00:00:00,00:00:00,619,690
Cycling,2015-05-31 16:00:45,Evanston Cycling,36.28,"1,407",02:15:25,144,168,16.1,27.2,"1,027","1,043",0.0,41.0,0.0,00:00:00,00:00:00,302,465
Cycling,2015-05-28 12:15:32,Chicago Cycling,26.37,"1,366",02:11:24,149,183,12.0,29.8,420,364,0.0,64.4,0.0,00:00:00,00:00:00,293,371
Cycling,2015-05-23 06:43:43,Chicago Cycling,49.13,"2,990",03:45:16,--,--,13.1,28.8,761,755,0.0,53.6,0.0,00:00:00,00:00:00,559,675
